Bore.hole,Depth,date,resistance,multimeter,res.corrected,temperature,beta
15 m,1,6-Apr-01,18064,old,,-16.7,
15 m,2,6-Apr-01,15993,old,,-14.5,
15 m,3,6-Apr-01,13928,old,,-12.1,
15 m,4,6-Apr-01,12523,old,,-10.1,
15 m,5,6-Apr-01,11724,old,,-8.9,
15 m,7,6-Apr-01,10865,old,,-7.4,
15 m,10,6-Apr-01,10824,old,,-7.4,
15 m,12,6-Apr-01,10962,old,,-7.6,
15 m,15,6-Apr-01,11181,old,,-8,
43 m,12,6-Apr-01,NA,old,,NA,
43 m,16,6-Apr-01,NA,old,,NA,
43 m,20,6-Apr-01,NA,old,,NA,
43 m,24,6-Apr-01,NA,old,,NA,
43 m,28,6-Apr-01,NA,old,,NA,
43 m,32,6-Apr-01,NA,old,,NA,
43 m,36,6-Apr-01,NA,old,,NA,
43 m,40,6-Apr-01,NA,old,,NA,
43 m,42,6-Apr-01,NA,old,,NA,
15 m,1,14-Jul-01,7724,old,,-1,
15 m,2,14-Jul-01,9073,old,,-4,
15 m,3,14-Jul-01,10248,old,,-6.4,
15 m,4,14-Jul-01,10963,old,,-7.6,
15 m,5,14-Jul-01,11414,old,,-8.4,
15 m,7,14-Jul-01,11415,old,,-8.4,
15 m,10,14-Jul-01,11184,old,,-8,
15 m,12,14-Jul-01,11022,old,,-7.7,
15 m,15,14-Jul-01,11161,old,,-7.9,
43 m,12,14-Jul-01,NA,old,,NA,
43 m,16,14-Jul-01,NA,old,,NA,
43 m,20,14-Jul-01,NA,old,,NA,
43 m,24,14-Jul-01,NA,old,,NA,
43 m,28,14-Jul-01,NA,old,,NA,
43 m,32,14-Jul-01,NA,old,,NA,
43 m,36,14-Jul-01,NA,old,,NA,
43 m,40,14-Jul-01,NA,old,,NA,
43 m,42,14-Jul-01,NA,old,,NA,
15 m,1,12-Apr-02,15774,old,,-14.3,
15 m,2,12-Apr-02,14983,old,,-13.4,
15 m,3,12-Apr-02,13968,old,,-12.1,
15 m,4,12-Apr-02,13013,old,,-10.9,
15 m,5,12-Apr-02,12264,old,,-9.7,
15 m,7,12-Apr-02,11075,old,,-7.9,
15 m,10,12-Apr-02,10824,old,,-7.4,
15 m,12,12-Apr-02,10912,old,,-7.5,
15 m,15,12-Apr-02,11131,old,,-7.9,
43 m,12,12-Apr-02,NA,old,,NA,
43 m,16,12-Apr-02,NA,old,,NA,
43 m,20,12-Apr-02,NA,old,,NA,
43 m,24,12-Apr-02,NA,old,,NA,
43 m,28,12-Apr-02,NA,old,,NA,
43 m,32,12-Apr-02,NA,old,,NA,
43 m,36,12-Apr-02,NA,old,,NA,
43 m,40,12-Apr-02,NA,old,,NA,
43 m,42,12-Apr-02,NA,old,,NA,
15 m,1,26-Jul-02,740964,old,,-0.2,
15 m,2,26-Jul-02,862003,old,,-3.1,
15 m,3,26-Jul-02,968978,old,,-5.3,
15 m,4,26-Jul-02,1047953,old,,-6.8,
15 m,5,26-Jul-02,1094944,old,,-7.6,
15 m,7,26-Jul-02,1127015,old,,-8.1,
15 m,10,26-Jul-02,1123984,old,,-8.1,
15 m,12,26-Jul-02,1106012,old,,-7.8,
15 m,15,26-Jul-02,1116961,old,,-7.9,
43 m,12,26-Jul-02,NA,old,,NA,
43 m,16,26-Jul-02,NA,old,,NA,
43 m,20,26-Jul-02,NA,old,,NA,
43 m,24,26-Jul-02,NA,old,,NA,
43 m,28,26-Jul-02,NA,old,,NA,
43 m,32,26-Jul-02,NA,old,,NA,
43 m,36,26-Jul-02,NA,old,,NA,
43 m,40,26-Jul-02,NA,old,,NA,
43 m,42,26-Jul-02,NA,old,,NA,
15 m,1,15-Jul-02,768,old,,-0.8,
15 m,2,15-Jul-02,888,old,,-3.6,
15 m,3,15-Jul-02,995,old,,-5.8,
15 m,4,15-Jul-02,1074,old,,-7.2,
15 m,5,15-Jul-02,1118,old,,-8,
15 m,7,15-Jul-02,1136,old,,-8.3,
15 m,10,15-Jul-02,1123,old,,-8.1,
15 m,12,15-Jul-02,1104,old,,-7.8,
15 m,15,15-Jul-02,1117,old,,-7.9,
43 m,12,15-Jul-02,NA,old,,NA,
43 m,16,15-Jul-02,NA,old,,NA,
43 m,20,15-Jul-02,NA,old,,NA,
43 m,24,15-Jul-02,NA,old,,NA,
43 m,28,15-Jul-02,NA,old,,NA,
43 m,32,15-Jul-02,NA,old,,NA,
43 m,36,15-Jul-02,NA,old,,NA,
43 m,40,15-Jul-02,NA,old,,NA,
43 m,42,15-Jul-02,NA,old,,NA,
15 m,1,10-Aug-02,7303,old,,0.3,
15 m,2,10-Aug-02,8446,old,,-2.7,
15 m,3,10-Aug-02,9444,old,,-4.8,
15 m,4,10-Aug-02,10223,old,,-6.3,
15 m,5,10-Aug-02,10734,old,,-7.1,
15 m,7,10-Aug-02,11206,old,,-8.1,
15 m,10,10-Aug-02,11287,old,,-8.2,
15 m,12,10-Aug-02,11129,old,,-8,
15 m,15,10-Aug-02,11236,old,,-8,
43 m,12,10-Aug-02,NA,old,,NA,
43 m,16,10-Aug-02,NA,old,,NA,
43 m,20,10-Aug-02,NA,old,,NA,
43 m,24,10-Aug-02,NA,old,,NA,
43 m,28,10-Aug-02,NA,old,,NA,
43 m,32,10-Aug-02,NA,old,,NA,
43 m,36,10-Aug-02,NA,old,,NA,
43 m,40,10-Aug-02,NA,old,,NA,
43 m,42,10-Aug-02,NA,old,,NA,
15 m,1,9-Apr-03,17.9,old,,-16.6,
15 m,2,9-Apr-03,15.69,old,,-14,
15 m,3,9-Apr-03,14.33,old,,-12.6,
15 m,4,9-Apr-03,12.7,old,,-10.4,
15 m,5,9-Apr-03,11.86,old,,-9.1,
15 m,7,9-Apr-03,10.74,old,,-7.2,
15 m,10,9-Apr-03,10.71,old,,-7.2,
15 m,12,9-Apr-03,10.84,old,,-7.4,
15 m,15,9-Apr-03,11.11,old,,-7.9,
43 m,12,9-Apr-03,NA,old,,NA,
43 m,16,9-Apr-03,NA,old,,NA,
43 m,20,9-Apr-03,NA,old,,NA,
43 m,24,9-Apr-03,NA,old,,NA,
43 m,28,9-Apr-03,NA,old,,NA,
43 m,32,9-Apr-03,NA,old,,NA,
43 m,36,9-Apr-03,NA,old,,NA,
43 m,40,9-Apr-03,NA,old,,NA,
43 m,42,9-Apr-03,NA,old,,NA,
15 m,1,16-May-04,1352,old,,-11.7,
15 m,2,16-May-04,1453,old,,-12.8,
15 m,3,16-May-04,1463,old,,-12.9,
15 m,4,16-May-04,1406,old,,-12.2,
15 m,5,16-May-04,1327,old,,-11.2,
15 m,7,16-May-04,1161,old,,-8.7,
15 m,10,16-May-04,1095,old,,-7.6,
15 m,12,16-May-04,1083,old,,-7.4,
15 m,15,16-May-04,1105,old,,-7.8,
43 m,12,16-May-04,NA,old,,NA,
43 m,16,16-May-04,NA,old,,NA,
43 m,20,16-May-04,NA,old,,NA,
43 m,24,16-May-04,NA,old,,NA,
43 m,28,16-May-04,NA,old,,NA,
43 m,32,16-May-04,NA,old,,NA,
43 m,36,16-May-04,NA,old,,NA,
43 m,40,16-May-04,NA,old,,NA,
43 m,42,16-May-04,NA,old,,NA,
15 m,1,15-Jun-04,835,old,,-2.5,
15 m,2,15-Jun-04,1042,old,,-6.7,
15 m,3,15-Jun-04,1193,old,,-9.2,
15 m,4,15-Jun-04,1268,old,,-10.3,
15 m,5,15-Jun-04,1274,old,,-10.4,
15 m,7,15-Jun-04,1179,old,,-9,
15 m,10,15-Jun-04,1116,old,,-8,
15 m,12,15-Jun-04,1090,old,,-7.5,
15 m,15,15-Jun-04,1105,old,,-7.8,
43 m,12,15-Jun-04,NA,old,,NA,
43 m,16,15-Jun-04,NA,old,,NA,
43 m,20,15-Jun-04,NA,old,,NA,
43 m,24,15-Jun-04,NA,old,,NA,
43 m,28,15-Jun-04,NA,old,,NA,
43 m,32,15-Jun-04,NA,old,,NA,
43 m,36,15-Jun-04,NA,old,,NA,
43 m,40,15-Jun-04,NA,old,,NA,
43 m,42,15-Jun-04,NA,old,,NA,
15 m,1,15-Jul-04,737,old,,0,
15 m,2,15-Jul-04,895,old,,-3.8,
15 m,3,15-Jul-04,1038,old,,-6.6,
15 m,4,15-Jul-04,1130,old,,-8.2,
15 m,5,15-Jul-04,1176,old,,-9,
15 m,7,15-Jul-04,1169,old,,-8.8,
15 m,10,15-Jul-04,1131,old,,-8.2,
15 m,12,15-Jul-04,1098,old,,-7.7,
15 m,15,15-Jul-04,1107,old,,-7.8,
43 m,12,15-Jul-04,NA,old,,NA,
43 m,16,15-Jul-04,NA,old,,NA,
43 m,20,15-Jul-04,NA,old,,NA,
43 m,24,15-Jul-04,NA,old,,NA,
43 m,28,15-Jul-04,NA,old,,NA,
43 m,32,15-Jul-04,NA,old,,NA,
43 m,36,15-Jul-04,NA,old,,NA,
43 m,40,15-Jul-04,NA,old,,NA,
43 m,42,15-Jul-04,NA,old,,NA,
15 m,1,16-Aug-04,678,old,,1.7,
15 m,2,16-Aug-04,843,old,,-2.7,
15 m,3,16-Aug-04,952,old,,-4.9,
15 m,4,16-Aug-04,1038,old,,-6.5,
15 m,5,16-Aug-04,1095,old,,-7.5,
15 m,7,16-Aug-04,1140,old,,-8.4,
15 m,10,16-Aug-04,1134,old,,-8.2,
15 m,12,16-Aug-04,1106,old,,-7.8,
15 m,15,16-Aug-04,1111,old,,-7.8,
43 m,12,16-Aug-04,734,old,,NA,
43 m,16,16-Aug-04,778,old,,NA,
43 m,20,16-Aug-04,760,old,,NA,
43 m,24,16-Aug-04,812,old,,NA,
43 m,28,16-Aug-04,1010,old,,NA,
43 m,32,16-Aug-04,1147,old,,-8.5,
43 m,36,16-Aug-04,1104,old,,-7.7,
43 m,40,16-Aug-04,1105,old,,-7.8,
43 m,42,16-Aug-04,1079,old,,-7.3,
15 m,1,6-Apr-05,18.58,old,,-18.4,
15 m,2,6-Apr-05,17.22,old,,-16.8,
15 m,3,6-Apr-05,15.17,old,,-13.6,
15 m,4,6-Apr-05,13.62,old,,-11.6,
15 m,5,6-Apr-05,12.68,old,,-10.3,
15 m,7,6-Apr-05,11.23,old,,-8.1,
15 m,10,6-Apr-05,10.97,old,,-7.6,
15 m,12,6-Apr-05,11,old,,-7.7,
15 m,15,6-Apr-05,11.23,old,,-7.7,
43 m,12,6-Apr-05,10.81,old,,-7.4,
43 m,16,6-Apr-05,11.05,old,,-7.8,
43 m,20,6-Apr-05,11.2,old,,-8,
43 m,24,6-Apr-05,11.27,old,,-8.1,
43 m,28,6-Apr-05,11.39,old,,-8.3,
43 m,32,6-Apr-05,11.53,old,,-8.6,
43 m,36,6-Apr-05,11.61,old,,-8.7,
43 m,40,6-Apr-05,11.66,old,,-8.8,
43 m,42,6-Apr-05,11.67,old,,-8.8,
15 m,1,6-May-05,1209,old,,NA,
15 m,2,6-May-05,1395,old,,NA,
15 m,3,6-May-05,1445,old,,NA,
15 m,4,6-May-05,1391,old,,NA,
15 m,5,6-May-05,1316,old,,NA,
15 m,7,6-May-05,1160,old,,NA,
15 m,10,6-May-05,1113,old,,NA,
15 m,12,6-May-05,1102,old,,NA,
15 m,15,6-May-05,1122,old,,NA,
43 m,12,6-May-05,1084,old,,-7.4,
43 m,16,6-May-05,1106,old,,-7.8,
43 m,20,6-May-05,1121,old,,-8,
43 m,24,6-May-05,1129,old,,-8.2,
43 m,28,6-May-05,1139,old,,-8.3,
43 m,32,6-May-05,1154,old,,-8.6,
43 m,36,6-May-05,1161,old,,-8.7,
43 m,40,6-May-05,1166,old,,-8.8,
43 m,42,6-May-05,1167,old,,-8.8,
15 m,1,6-Jun-05,834,old,,-2.4,
15 m,2,6-Jun-05,1030,old,,-6.5,
15 m,3,6-Jun-05,1173,old,,-7.2,
15 m,4,6-Jun-05,1250,old,,-10.1,
15 m,5,6-Jun-05,1260,old,,-10.2,
15 m,7,6-Jun-05,1183,old,,-9,
15 m,10,6-Jun-05,1135,old,,-8.3,
15 m,12,6-Jun-05,1107,old,,-7.8,
15 m,15,6-Jun-05,1122,old,,-8.1,
43 m,12,6-Jun-05,1092,old,,-7.6,
43 m,16,6-Jun-05,1108,old,,-7.8,
43 m,20,6-Jun-05,1122,old,,-8.1,
43 m,24,6-Jun-05,1130,old,,-8.2,
43 m,28,6-Jun-05,1139,old,,-8.3,
43 m,32,6-Jun-05,1154,old,,-8.6,
43 m,36,6-Jun-05,1161,old,,-8.7,
43 m,40,6-Jun-05,1166,old,,-8.8,
43 m,42,6-Jun-05,1159,old,,-8.7,
15 m,1,15-Jul-05,749,old,,-0.4,
15 m,2,15-Jul-05,889,old,,-3.7,
15 m,3,15-Jul-05,1006,old,,-6,
15 m,4,15-Jul-05,1092,old,,-7.6,
15 m,5,15-Jul-05,1140,old,,-8.4,
15 m,7,15-Jul-05,1157,old,,-8.6,
15 m,10,15-Jul-05,1137,old,,-8.3,
15 m,12,15-Jul-05,1107,old,,-7.8,
15 m,15,15-Jul-05,1115,old,,-8,
43 m,12,15-Jul-05,1095,old,,-7.6,
43 m,16,15-Jul-05,1101,old,,-7.7,
43 m,20,15-Jul-05,1113,old,,-7.9,
43 m,24,15-Jul-05,1121,old,,-8,
43 m,28,15-Jul-05,1130,old,,-8.2,
43 m,32,15-Jul-05,1144,old,,-8.4,
43 m,36,15-Jul-05,1151,old,,-8.5,
43 m,40,15-Jul-05,1156,old,,-8.6,
43 m,42,15-Jul-05,1157,old,,-8.6,
15 m,1,22-Jul-05,752,old,,-0.5,
15 m,2,22-Jul-05,884,old,,-3.6,
15 m,3,22-Jul-05,999,old,,-5.9,
15 m,4,22-Jul-05,1083,old,,-7.4,
15 m,5,22-Jul-05,1134,old,,-8.3,
15 m,7,22-Jul-05,1162,old,,-8.7,
15 m,10,22-Jul-05,1147,old,,-8.5,
15 m,12,22-Jul-05,1119,old,,-8,
15 m,15,22-Jul-05,1125,old,,-8.1,
43 m,12,22-Jul-05,1106,old,,-7.8,
43 m,16,22-Jul-05,1112,old,,-7.9,
43 m,20,22-Jul-05,1123,old,,-8.1,
43 m,24,22-Jul-05,1130,old,,-8.2,
43 m,28,22-Jul-05,1140,old,,-8.4,
43 m,32,22-Jul-05,1154,old,,-8.6,
43 m,36,22-Jul-05,1161,old,,-8.7,
43 m,40,22-Jul-05,1166,old,,-8.8,
43 m,42,22-Jul-05,1167,old,,-8.8,
15 m,1,15-Aug-05,691,old,,1.2,
15 m,2,15-Aug-05,842,old,,-2.6,
15 m,3,15-Aug-05,943,old,,-4.8,
15 m,4,15-Aug-05,1023,old,,-6.3,
15 m,5,15-Aug-05,1078,old,,-7.3,
15 m,7,15-Aug-05,1130,old,,-8.2,
15 m,10,15-Aug-05,1136,old,,-8.3,
15 m,12,15-Aug-05,1113,old,,-8.2,
15 m,15,15-Aug-05,1118,old,,-8,
43 m,12,15-Aug-05,1102,old,,-7.7,
43 m,16,15-Aug-05,1103,old,,-7.7,
43 m,20,15-Aug-05,1114,old,,-7.9,
43 m,24,15-Aug-05,1122,old,,-8.1,
43 m,28,15-Aug-05,1130,old,,-8.2,
43 m,32,15-Aug-05,1144,old,,-8.4,
43 m,36,15-Aug-05,1151,old,,-8.5,
43 m,40,15-Aug-05,1156,old,,-8.6,
43 m,42,15-Aug-05,1157,old,,-8.6,
15 m,1,5-Sep-05,717,old,,0.5,
15 m,2,5-Sep-05,822,old,,-2.2,
15 m,3,5-Sep-05,913,old,,-4.2,
15 m,4,5-Sep-05,989,old,,-5.7,
15 m,5,5-Sep-05,1044,old,,-6.7,
15 m,7,5-Sep-05,1110,old,,-7.9,
15 m,10,5-Sep-05,1132,old,,-8.2,
15 m,12,5-Sep-05,1115,old,,-8,
15 m,15,5-Sep-05,1120,old,,-8,
43 m,12,5-Sep-05,1104,old,,-7.8,
43 m,16,5-Sep-05,1105,old,,-7.8,
43 m,20,5-Sep-05,1115,old,,-7.9,
43 m,24,5-Sep-05,1122,old,,-8.1,
43 m,28,5-Sep-05,1130,old,,-8.2,
43 m,32,5-Sep-05,1144,old,,-8.4,
43 m,36,5-Sep-05,1151,old,,-8.5,
43 m,40,5-Sep-05,1156,old,,-8.6,
43 m,42,5-Sep-05,1157,old,,-8.6,
15 m,1,16-Apr-06,1794,old,,-17.6,
15 m,2,16-Apr-06,1664,old,,-16.1,
15 m,3,16-Apr-06,1542,old,,-13.9,
15 m,4,16-Apr-06,1388,old,,-12,
15 m,5,16-Apr-06,1296,old,,-10.7,
15 m,7,16-Apr-06,1135,old,,-8.3,
15 m,10,16-Apr-06,1106,old,,-7.8,
15 m,12,16-Apr-06,1102,old,,-7.7,
15 m,15,16-Apr-06,1125,old,,-8.1,
43 m,12,16-Apr-06,1085,old,,-7.5,
43 m,16,16-Apr-06,1109,old,,-7.9,
43 m,20,16-Apr-06,1120,old,,-8.1,
43 m,24,16-Apr-06,1125,old,,-8.1,
43 m,28,16-Apr-06,1131,old,,-8.2,
43 m,32,16-Apr-06,1143,old,,-8.4,
43 m,36,16-Apr-06,1150,old,,-8.5,
43 m,40,16-Apr-06,1155,old,,-8.6,
43 m,42,16-Apr-06,1157,old,,-8.6,
15 m,1,17-May-06,1109,old,,-7.8,
15 m,2,17-May-06,1089,old,,-7.5,
15 m,3,17-May-06,1155,old,,-8.6,
15 m,4,17-May-06,1144,old,,-8.4,
15 m,5,17-May-06,1120,old,,-8,
15 m,7,17-May-06,1124,old,,-8.1,
15 m,10,17-May-06,1056,old,,-6.9,
15 m,12,17-May-06,1131,old,,-8.2,
15 m,15,17-May-06,1150,old,,-8.5,
43 m,12,17-May-06,1326,old,,NA,
43 m,16,17-May-06,1336,old,,NA,
43 m,20,17-May-06,1314,old,,NA,
43 m,24,17-May-06,1162,old,,NA,
43 m,28,17-May-06,1097,old,,NA,
43 m,32,17-May-06,1377,old,,NA,
43 m,36,17-May-06,1114,old,,NA,
43 m,40,17-May-06,1403,old,,NA,
43 m,42,17-May-06,1102,old,,NA,
15 m,1,15-Jun-06,819,old,,-2.1,
15 m,2,15-Jun-06,1001,old,,-6,
15 m,3,15-Jun-06,1143,old,,-8.4,
15 m,4,15-Jun-06,1224,old,,-9.7,
15 m,5,15-Jun-06,1245,old,,-10,
15 m,7,15-Jun-06,1179,old,,-9,
15 m,10,15-Jun-06,1129,old,,-8.2,
15 m,12,15-Jun-06,1103,old,,-7.7,
15 m,15,15-Jun-06,1114,old,,-7.9,
43 m,12,15-Jun-06,1095,old,,-7.6,
43 m,16,15-Jun-06,1108,old,,-7.9,
43 m,20,15-Jun-06,1119,old,,-8,
43 m,24,15-Jun-06,1124,old,,-8.1,
43 m,28,15-Jun-06,1130,old,,-8.2,
43 m,32,15-Jun-06,1143,old,,-8.4,
43 m,36,15-Jun-06,1150,old,,-8.5,
43 m,40,15-Jun-06,1155,old,,-8.6,
43 m,42,15-Jun-06,1156,old,,-8.6,
15 m,1,15-Jul-06,761,old,,-0.7,
15 m,2,15-Jul-06,900,old,,-3.9,
15 m,3,15-Jul-06,1021,old,,-6.3,
15 m,4,15-Jul-06,1108,old,,-7.8,
15 m,5,15-Jul-06,1109,old,,-7.8,
15 m,7,15-Jul-06,1166,old,,-8.8,
15 m,10,15-Jul-06,1140,old,,-8.4,
15 m,12,15-Jul-06,1110,old,,-7.9,
15 m,15,15-Jul-06,1117,old,,-8,
43 m,12,15-Jul-06,1102,old,,-7.7,
43 m,16,15-Jul-06,1109,old,,-7.9,
43 m,20,15-Jul-06,1120,old,,-8,
43 m,24,15-Jul-06,1125,old,,-8.1,
43 m,28,15-Jul-06,1131,old,,-8.2,
43 m,32,15-Jul-06,1143,old,,-8.4,
43 m,36,15-Jul-06,1150,old,,-8.5,
43 m,40,15-Jul-06,1155,old,,-8.6,
43 m,42,15-Jul-06,1156,old,,-8.6,
15 m,1,16-Aug-06,702,old,,-0.9,
15 m,2,16-Aug-06,840,old,,-2.6,
15 m,3,16-Aug-06,944,old,,-4.8,
15 m,4,16-Aug-06,1028,old,,-6.4,
15 m,5,16-Aug-06,1084,old,,-7.4,
15 m,7,16-Aug-06,1137,old,,-8.3,
15 m,10,16-Aug-06,1140,old,,-8.4,
15 m,12,16-Aug-06,1117,old,,-8.8,
15 m,15,16-Aug-06,1120,old,,-8,
43 m,12,16-Aug-06,1108,old,,-7.9,
43 m,16,16-Aug-06,1111,old,,-7.9,
43 m,20,16-Aug-06,1119,old,,-8,
43 m,24,16-Aug-06,1125,old,,-8.1,
43 m,28,16-Aug-06,1131,old,,-8.2,
43 m,32,16-Aug-06,1143,old,,-8.4,
43 m,36,16-Aug-06,1150,old,,-8.5,
43 m,40,16-Aug-06,1155,old,,-8.6,
43 m,42,16-Aug-06,1156,old,,-8.6,
15 m,1,29-Apr-07,1403,old,,-12.2,
15 m,2,29-Apr-07,1094,old,,-7.6,
15 m,3,29-Apr-07,1453,old,,-12.8,
15 m,4,29-Apr-07,1380,old,,-11.9,
15 m,5,29-Apr-07,1295,old,,-10.7,
15 m,7,29-Apr-07,1130,old,,-8.2,
15 m,10,29-Apr-07,1093,old,,-7.6,
15 m,12,29-Apr-07,1092,old,,-7.6,
15 m,15,29-Apr-07,1115,old,,-7.9,
43 m,12,29-Apr-07,1083,old,,-7.4,
43 m,16,29-Apr-07,1110,old,,-7.9,
43 m,20,29-Apr-07,1121,old,,-8.1,
43 m,24,29-Apr-07,1125,old,,-8.1,
43 m,28,29-Apr-07,1130,old,,-8.2,
43 m,32,29-Apr-07,1142,old,,-8.4,
43 m,36,29-Apr-07,1148,old,,-8.5,
43 m,40,29-Apr-07,1153,old,,-8.6,
43 m,42,29-Apr-07,1154,old,,-8.6,
15 m,1,15-May-07,1334,old,,-11.2,
15 m,2,15-May-07,1372,old,,-11.8,
15 m,3,15-May-07,1381,old,,-11.9,
15 m,4,15-May-07,1350,old,,-11.5,
15 m,5,15-May-07,1289,old,,-10.6,
15 m,7,15-May-07,1149,old,,-8.5,
15 m,10,15-May-07,1103,old,,-7.7,
15 m,12,15-May-07,1094,old,,-7.6,
15 m,15,15-May-07,1114,old,,-7.9,
43 m,12,15-May-07,1086,old,,-7.5,
43 m,16,15-May-07,1110,old,,-7.9,
43 m,20,15-May-07,1122,old,,-8.1,
43 m,24,15-May-07,1125,old,,-8.1,
43 m,28,15-May-07,1131,old,,-8.2,
43 m,32,15-May-07,1143,old,,-8.4,
43 m,36,15-May-07,1149,old,,-8.5,
43 m,40,15-May-07,1154,old,,-8.6,
43 m,42,15-May-07,1155,old,,-8.6,
15 m,1,15-Jun-07,843,new,,-2.7,
15 m,2,15-Jun-07,1053,new,,-6.9,
15 m,3,15-Jun-07,1192,new,,-9.2,
15 m,4,15-Jun-07,1255,new,,-10.1,
15 m,5,15-Jun-07,1255,new,,-10.1,
15 m,7,15-Jun-07,1170,new,,-8.8,
15 m,10,15-Jun-07,1122,new,,-8.1,
15 m,12,15-Jun-07,1099,new,,-7.7,
15 m,15,15-Jun-07,1114,new,,-7.9,
43 m,12,15-Jun-07,1092,new,,-7.6,
43 m,16,15-Jun-07,1110,new,,-7.9,
43 m,20,15-Jun-07,1122,new,,-8.1,
43 m,24,15-Jun-07,1125,new,,-8.1,
43 m,28,15-Jun-07,1130,new,,-8.2,
43 m,32,15-Jun-07,1142,new,,-8.4,
43 m,36,15-Jun-07,1149,new,,-8.5,
43 m,40,15-Jun-07,1121,new,,-8.1,
43 m,42,15-Jun-07,1155,new,,-8.6,
15 m,1,15-Jul-07,766,new,,-0.8,
15 m,2,15-Jul-07,917,new,,-4.3,
15 m,3,15-Jul-07,1041,new,,-6.7,
15 m,4,15-Jul-07,1129,new,,-8.2,
15 m,5,15-Jul-07,1174,new,,-8.9,
15 m,7,15-Jul-07,1172,new,,-8.9,
15 m,10,15-Jul-07,1141,new,,-8.4,
15 m,12,15-Jul-07,1113,new,,-7.9,
15 m,15,15-Jul-07,1122,new,,-8.1,
43 m,12,15-Jul-07,1119,new,,-8,
43 m,16,15-Jul-07,11175,new,,-8,
43 m,20,15-Jul-07,11278,new,,-8.2,
43 m,24,15-Jul-07,11325,new,,-8.2,
43 m,28,15-Jul-07,11376,new,,-8.3,
43 m,32,15-Jul-07,11493,new,,-8.5,
43 m,36,15-Jul-07,11556,new,,-8.6,
43 m,40,15-Jul-07,11606,new,,-8.7,
43 m,42,15-Jul-07,11120,new,,-7.9,
15 m,1,15-Aug-07,6902,new,,1.2,
15 m,2,15-Aug-07,8462,new,,-2.7,
15 m,3,15-Aug-07,9538,new,,-5,
15 m,4,15-Aug-07,10400,new,,-6.6,
15 m,5,15-Aug-07,10962,new,,-7.6,
15 m,7,15-Aug-07,11438,new,,-8.4,
15 m,10,15-Aug-07,11445,new,,-8.4,
15 m,12,15-Aug-07,11203,new,,-8,
15 m,15,15-Aug-07,11251,new,,-8.1,
43 m,12,15-Aug-07,11119,new,,-7.9,
43 m,16,15-Aug-07,11175,new,,-8,
43 m,20,15-Aug-07,11278,new,,-8.2,
43 m,24,15-Aug-07,11325,new,,-8.2,
43 m,28,15-Aug-07,11376,new,,-8.3,
43 m,32,15-Aug-07,11493,new,,-8.5,
43 m,36,15-Aug-07,11556,new,,-8.6,
43 m,40,15-Aug-07,11606,new,,-8.7,
43 m,42,15-Aug-07,11120,new,,-7.9,
15 m,1,X-Sept-07,6930,new,,1.2,
15 m,2,X-Sept-07,8305,new,,-2.4,
15 m,3,X-Sept-07,9292,new,,-4.5,
15 m,4,X-Sept-07,10119,new,,-6.1,
15 m,5,X-Sept-07,10692,new,,-7.2,
15 m,7,X-Sept-07,11302,new,,-8.2,
15 m,10,X-Sept-07,11425,new,,-8.4,
15 m,12,X-Sept-07,11225,new,,-8.1,
15 m,15,X-Sept-07,11268,new,,-8.1,
43 m,12,X-Sept-07,11139,new,,-7.9,
43 m,16,X-Sept-07,11187,new,,-8,
43 m,20,X-Sept-07,11278,new,,-8.2,
43 m,24,X-Sept-07,11324,new,,-8.2,
43 m,28,X-Sept-07,11377,new,,-8.3,
43 m,32,X-Sept-07,11496,new,,-8.5,
43 m,36,X-Sept-07,11556,new,,-8.6,
43 m,40,X-Sept-07,11607,new,,-8.7,
43 m,42,X-Sept-07,11616,new,,-8.7,
15 m,1,18-Apr-08,16299,new,,-14.9,
15 m,2,18-Apr-08,15457,new,,-13.9,
15 m,3,18-Apr-08,14682,new,,-13,
15 m,4,18-Apr-08,13604,new,,-11.6,
15 m,5,18-Apr-08,12673,new,,-10.3,
15 m,7,18-Apr-08,11150,new,,-7.9,
15 m,10,18-Apr-08,10920,new,,-7.6,
15 m,12,18-Apr-08,10960,new,,-7.6,
15 m,15,18-Apr-08,11200,new,,-8,
43 m,12,18-Apr-08,10890,new,,-7.5,
43 m,16,18-Apr-08,11177,new,,-8,
43 m,20,18-Apr-08,11288,new,,-8.2,
43 m,24,18-Apr-08,11320,new,,-8.2,
43 m,28,18-Apr-08,11365,new,,-8.3,
43 m,32,18-Apr-08,11487,new,,-8.5,
43 m,36,18-Apr-08,11547,new,,-8.6,
43 m,40,18-Apr-08,11599,new,,-8.7,
43 m,42,18-Apr-08,11609,new,,-8.7,
15 m,1,15-May-08,11900,new,,-9.2,
15 m,2,15-May-08,13054,new,,-10.9,
15 m,3,15-May-08,13465,new,,-11.4,
15 m,4,15-May-08,13302,new,,-11.2,
15 m,5,15-May-08,12757,new,,-10.4,
15 m,7,15-May-08,11466,new,,-8.5,
15 m,10,15-May-08,11060,new,,-7.8,
15 m,12,15-May-08,10983,new,,-7.7,
15 m,15,15-May-08,11193,new,,-8,
43 m,12,15-May-08,10906,new,,-7.5,
43 m,16,15-May-08,11165,new,,-8,
43 m,20,15-May-08,11286,new,,-8.2,
43 m,24,15-May-08,11323,new,,-8.2,
43 m,28,15-May-08,11369,new,,-8.3,
43 m,32,15-May-08,11484,new,,-8.5,
43 m,36,15-May-08,11545,new,,-8.6,
43 m,40,15-May-08,11595,new,,-8.7,
43 m,42,15-May-08,11607,new,,-8.7,
15 m,1,15-Jun-08,11154,new,,-8,
15 m,2,15-Jun-08,10960,new,,-7.6,
15 m,3,15-Jun-08,11595,new,,-8.7,
15 m,4,15-Jun-08,11484,new,,-8.5,
15 m,5,15-Jun-08,11282,new,,-8.2,
15 m,7,15-Jun-08,11321,new,,-8.2,
15 m,10,15-Jun-08,11606,new,,-8.7,
15 m,12,15-Jun-08,11370,new,,-8.3,
15 m,15,15-Jun-08,11550,new,,-8.6,
43 m,12,15-Jun-08,9875,new,,-5.7,
43 m,16,15-Jun-08,8164,new,,-2,
43 m,20,15-Jun-08,12196,new,,-9.6,
43 m,24,15-Jun-08,11623,new,,-8.7,
43 m,28,15-Jun-08,11032,new,,-7.7,
43 m,32,15-Jun-08,12012,new,,-9.3,
43 m,36,15-Jun-08,11189,new,,-8,
43 m,40,15-Jun-08,11261,new,,-8.1,
43 m,42,15-Jun-08,11226,new,,-8.1,
15 m,1,15-Jul-08,7059,new,,0.8,
15 m,2,15-Jul-08,8817,new,,-3.5,
15 m,3,15-Jul-08,10029,new,,-6,
15 m,4,15-Jul-08,10897,new,,-7.5,
15 m,5,15-Jul-08,11378,new,,-8.3,
15 m,7,15-Jul-08,11515,new,,-8.5,
15 m,10,15-Jul-08,11326,new,,-8.2,
15 m,12,15-Jul-08,11099,new,,-7.9,
15 m,15,15-Jul-08,11204,new,,-8,
43 m,12,15-Jul-08,11025,new,,-7.7,
43 m,16,15-Jul-08,11156,new,,-8,
43 m,20,15-Jul-08,11276,new,,-8.2,
43 m,24,15-Jul-08,11321,new,,-8.2,
43 m,28,15-Jul-08,11369,new,,-8.3,
43 m,32,15-Jul-08,11484,new,,-8.5,
43 m,36,15-Jul-08,11545,new,,-8.6,
43 m,40,15-Jul-08,11596,new,,-8.7,
43 m,42,15-Jul-08,11604,new,,-8.7,
15 m,1,18-Aug-08,NA,new,,1.3,
15 m,2,18-Aug-08,NA,new,,-2.3,
15 m,3,18-Aug-08,NA,new,,-4.4,
15 m,4,18-Aug-08,NA,new,,-6,
15 m,5,18-Aug-08,NA,new,,-7,
15 m,7,18-Aug-08,NA,new,,-8.1,
15 m,10,18-Aug-08,NA,new,,-8.3,
15 m,12,18-Aug-08,NA,new,,-8,
15 m,15,18-Aug-08,NA,new,,-8.1,
43 m,12,18-Aug-08,NA,new,,-7.9,
43 m,16,18-Aug-08,NA,new,,-8,
43 m,20,18-Aug-08,NA,new,,-8.1,
43 m,24,18-Aug-08,NA,new,,-8.5,
43 m,28,18-Aug-08,NA,new,,-8.3,
43 m,32,18-Aug-08,NA,new,,-8.2,
43 m,36,18-Aug-08,NA,new,,-8.6,
43 m,40,18-Aug-08,NA,new,,-8.7,
43 m,42,18-Aug-08,NA,new,,-8.7,
15 m,1,15-Sep-08,7046,new,,0.8,
15 m,2,15-Sep-08,8159,new,,-2,
15 m,3,15-Sep-08,9049,new,,-4,
15 m,4,15-Sep-08,9820,new,,-5.6,
15 m,5,15-Sep-08,10381,new,,-6.6,
15 m,7,15-Sep-08,11067,new,,-7.8,
15 m,10,15-Sep-08,11298,new,,-8.2,
15 m,12,15-Sep-08,11168,new,,-8,
15 m,15,15-Sep-08,11238,new,,-8.1,
43 m,12,15-Sep-08,11094,new,,-7.9,
43 m,16,15-Sep-08,11171,new,,-8,
43 m,20,15-Sep-08,11270,new,,-8.1,
43 m,24,15-Sep-08,11318,new,,-8.2,
43 m,28,15-Sep-08,11367,new,,-8.3,
43 m,32,15-Sep-08,11482,new,,-8.5,
43 m,36,15-Sep-08,11541,new,,-8.6,
43 m,40,15-Sep-08,11592,new,,-8.7,
43 m,42,15-Sep-08,11602,new,,-8.7,
15 m,1,16-Apr-09,18244,new,,-18,
15 m,2,16-Apr-09,17422,new,,-17,
15 m,3,16-Apr-09,15767,new,,-14.3,
15 m,4,16-Apr-09,14006,new,,-12.2,
15 m,5,16-Apr-09,12672,new,,-10.8,
15 m,7,16-Apr-09,11003,new,,-7.7,
15 m,10,16-Apr-09,10797,new,,-7.3,
15 m,12,16-Apr-09,10887,new,,-7.5,
15 m,15,16-Apr-09,11157,new,,-8,
43 m,12,16-Apr-09,10817,new,,-7.4,
43 m,16,16-Apr-09,11150,new,,-8,
43 m,20,16-Apr-09,11271,new,,-8.2,
43 m,24,16-Apr-09,11313,new,,-8.2,
43 m,28,16-Apr-09,11357,new,,-8.3,
43 m,32,16-Apr-09,11476,new,,-8.5,
43 m,36,16-Apr-09,11534,new,,-8.6,
43 m,40,16-Apr-09,11583,new,,-8.6,
43 m,42,16-Apr-09,11597,new,,-8.7,
15 m,1,15-May-09,10645,new,,-7.1,
15 m,2,15-May-09,12201,new,,-9.6,
15 m,3,15-May-09,13391,new,,-11.3,
15 m,4,15-May-09,13562,new,,-11.5,
15 m,5,15-May-09,12994,new,,-10.8,
15 m,7,15-May-09,11417,new,,-8.4,
15 m,10,15-May-09,10955,new,,-7.6,
15 m,12,15-May-09,10899,new,,-7.5,
15 m,15,15-May-09,11138,new,,-7.9,
43 m,12,15-May-09,10833,new,,-7.4,
43 m,16,15-May-09,11430,new,,-8.4,
43 m,20,15-May-09,11267,new,,-8.2,
43 m,24,15-May-09,11308,new,,-8.2,
43 m,28,15-May-09,11355,new,,-8.3,
43 m,32,15-May-09,11471,new,,-8.5,
43 m,36,15-May-09,11530,new,,-8.6,
43 m,40,15-May-09,11581,new,,-8.7,
43 m,42,15-May-09,11544,new,,-8.6,
15 m,1,15-Jun-09,8057,new,,-1.8,
15 m,2,15-Jun-09,9817,new,,-5.5,
15 m,3,15-Jun-09,11161,new,,-8,
15 m,4,15-Jun-09,11963,new,,-9.3,
15 m,5,15-Jun-09,12191,new,,-9.6,
15 m,7,15-Jun-09,11622,new,,-8.7,
15 m,10,15-Jun-09,11160,new,,-8,
15 m,12,15-Jun-09,10960,new,,-7.6,
15 m,15,15-Jun-09,11139,new,,-7.9,
43 m,12,15-Jun-09,10889,new,,-7.5,
43 m,16,15-Jun-09,11116,new,,-7.9,
43 m,20,15-Jun-09,11261,new,,-8,
43 m,24,15-Jun-09,11308,new,,-8.2,
43 m,28,15-Jun-09,11359,new,,-8.3,
43 m,32,15-Jun-09,11474,new,,-8.5,
43 m,36,15-Jun-09,11533,new,,-8.6,
43 m,40,15-Jun-09,11583,new,,-8.6,
43 m,42,15-Jun-09,11591,new,,-8.7,
15 m,1,15-Jul-09,7452,new,,-0.2,
15 m,2,15-Jul-09,8905,new,,-3.7,
15 m,3,15-Jul-09,10046,new,,-6,
15 m,4,15-Jul-09,10886,new,,-7.5,
15 m,5,15-Jul-09,11355,new,,-8.3,
15 m,7,15-Jul-09,11488,new,,-8.5,
15 m,10,15-Jul-09,11277,new,,-8.2,
15 m,12,15-Jul-09,11034,new,,-7.7,
15 m,15,15-Jul-09,11154,new,,-8,
43 m,12,15-Jul-09,10961,new,,-8.1,
43 m,16,15-Jul-09,11118,new,,-7.9,
43 m,20,15-Jul-09,11258,new,,-8.1,
43 m,24,15-Jul-09,11307,new,,-8.2,
43 m,28,15-Jul-09,11356,new,,-8.3,
43 m,32,15-Jul-09,11472,new,,-8.5,
43 m,36,15-Jul-09,11528,new,,-8.6,
43 m,40,15-Jul-09,11580,new,,-8.6,
43 m,42,15-Jul-09,11589,new,,-8.7,
15 m,1,3-Sep-09,6943,new,,1.4,
15 m,2,3-Sep-09,8180,new,,-2.1,
15 m,3,3-Sep-09,9081,new,,-4.1,
15 m,4,3-Sep-09,9849,new,,-5.6,
15 m,5,3-Sep-09,10397,new,,-6.6,
15 m,7,3-Sep-09,11046,new,,-7.8,
15 m,10,3-Sep-09,11256,new,,-8.1,
15 m,12,3-Sep-09,11113,new,,-7.9,
15 m,15,3-Sep-09,11193,new,,-8,
43 m,12,3-Sep-09,11040,new,,-7.8,
43 m,16,3-Sep-09,11133,new,,-7.9,
43 m,20,3-Sep-09,11249,new,,-8.1,
43 m,24,3-Sep-09,11306,new,,-8.2,
43 m,28,3-Sep-09,11356,new,,-8.3,
43 m,32,3-Sep-09,11470,new,,-8.5,
43 m,36,3-Sep-09,11529,new,,-8.6,
43 m,40,3-Sep-09,11578,new,,-8.7,
43 m,42,3-Sep-09,11586,new,,-8.7,
15 m,1,15-Apr-10,14724,new,14688,-13.1,
15 m,2,15-Apr-10,15065,new,15068,-13.4,
15 m,3,15-Apr-10,14305,new,14283,-12.5,
15 m,4,15-Apr-10,13289,new,13242,-11.2,
15 m,5,15-Apr-10,12374,new,12318,-9.789793115,1641.14801
15 m,7,15-Apr-10,10999,new,11014,-7.719912577,1641.14801
15 m,10,15-Apr-10,10816,new,10800,-7.353594621,1641.14801
15 m,12,15-Apr-10,10874,new,10886,-7.501793127,1641.14801
15 m,15,15-Apr-10,11131,new,11092,-7.851416249,1641.14801
43 m,12,15-Apr-10,10803,new,10821,-7.389906531,1641.14801
43 m,16,15-Apr-10,11114,new,11096,-7.858131577,1641.14801
43 m,20,15-Apr-10,11247,new,11232,-8.084824324,1641.14801
43 m,24,15-Apr-10,11293,new,11302,-8.200287588,1641.14801
43 m,28,15-Apr-10,11345,new,11356,-8.288803501,1641.14801
43 m,32,15-Apr-10,11461,new,11456,-8.451461661,1641.14801
43 m,36,15-Apr-10,11591,new,11582,-8.654121228,1641.14801
43 m,40,15-Apr-10,11571,new,11582,-8.654121228,1641.14801
43 m,42,15-Apr-10,11584,new,11574,-8.641328833,1641.14801
15 m,1,15-May-10,11293,new,11257,-8.126155163,1641.14801
15 m,2,15-May-10,12224,new,12227,-9.653626169,1641.14801
15 m,3,15-May-10,12686,new,12664,-10.3,NA
15 m,4,15-May-10,12758,new,12711,-10.4,NA
15 m,5,15-May-10,12425,new,12369,-9.865606224,1641.14801
15 m,7,15-May-10,11337,new,11352,-8.28226324,1641.14801
15 m,10,15-May-10,10966,new,10950,-7.611216359,1641.14801
15 m,12,15-May-10,10895,new,10907,-7.537778326,1641.14801
15 m,15,15-May-10,11115,new,11076,-7.82452729,1641.14801
43 m,12,15-May-10,10824,new,10842,-7.426138147,1641.14801
43 m,16,15-May-10,11103,new,11085,-7.839657776,1641.14801
43 m,20,15-May-10,11244,new,11229,-8.079857575,1641.14801
43 m,24,15-May-10,11292,new,11301,-8.198643859,1641.14801
43 m,28,15-May-10,11343,new,11354,-8.285533699,1641.14801
43 m,32,15-May-10,11458,new,11453,-8.446605504,1641.14801
43 m,36,15-May-10,11517,new,11508,-8.535405425,1641.14801
43 m,40,15-May-10,11567,new,11578,-8.64772629,1641.14801
43 m,42,15-May-10,11577,new,11567,-8.630127217,1641.14801
15 m,1,15-Jun-10,7928,new,7892,-1.376776439,1650.168558
15 m,2,15-Jun-10,9741,new,9744,-5.415918625,1641.14801
15 m,3,15-Jun-10,11002,new,10980,-7.662257677,1641.14801
15 m,4,15-Jun-10,11714,new,11667,-8.789421523,1641.14801
15 m,5,15-Jun-10,11900,new,11844,-9.067593315,1641.14801
15 m,7,15-Jun-10,11450,new,11465,-8.466021438,1641.14801
15 m,10,15-Jun-10,11118,new,11102,-7.868199395,1641.14801
15 m,12,15-Jun-10,10944,new,10956,-7.621437372,1641.14801
15 m,15,15-Jun-10,11116,new,11077,-7.826209147,1641.14801
43 m,12,15-Jun-10,10880,new,10898,-7.522365782,1641.14801
43 m,16,15-Jun-10,11093,new,11075,-7.82284526,1641.14801
43 m,20,15-Jun-10,11237,new,11222,-8.068262607,1641.14801
43 m,24,15-Jun-10,11290,new,11299,-8.195355905,1641.14801
43 m,28,15-Jun-10,11342,new,11353,-8.283898552,1641.14801
43 m,32,15-Jun-10,11459,new,11454,-8.448224384,1641.14801
43 m,36,15-Jun-10,11519,new,11510,-8.538625391,1641.14801
43 m,40,15-Jun-10,11568,new,11579,-8.649325261,1641.14801
43 m,42,15-Jun-10,11577,new,11567,-8.630127217,1641.14801
15 m,1,15-Jul-10,7070,new,7034,0.874321797,1659.127643
15 m,2,15-Jul-10,8717,new,8720,-3.302436477,1650.168558
15 m,3,15-Jul-10,9867,new,9845,-5.611383915,1641.14801
15 m,4,15-Jul-10,10697,new,10650,-7.091858746,1641.14801
15 m,5,15-Jul-10,11158,new,11102,-7.868199395,1641.14801
15 m,7,15-Jul-10,11334,new,11349,-8.27735632,1641.14801
15 m,10,15-Jul-10,11211,new,11195,-8.023461778,1641.14801
15 m,12,15-Jul-10,11007,new,11019,-7.728374117,1641.14801
15 m,15,15-Jul-10,11134,new,11095,-7.856453004,1641.14801
43 m,12,15-Jul-10,10946,new,10964,-7.635055463,1641.14801
43 m,16,15-Jul-10,11094,new,11076,-7.82452729,1641.14801
43 m,20,15-Jul-10,11236,new,11221,-8.06660551,1641.14801
43 m,24,15-Jul-10,11292,new,11301,-8.198643859,1641.14801
43 m,28,15-Jul-10,11345,new,11356,-8.288803501,1641.14801
43 m,32,15-Jul-10,11460,new,11455,-8.449843103,1641.14801
43 m,36,15-Jul-10,11520,new,11511,-8.540235135,1641.14801
43 m,40,15-Jul-10,11570,new,11581,-8.65252273,1641.14801
43 m,42,15-Jul-10,11580,new,11570,-8.634928856,1641.14801
15 m,1,X-Aug-10,6144,new,6108,3.677186646,1659.127643
15 m,2,X-Aug-10,8222,new,8225,-2.177788874,1650.168558
15 m,3,X-Aug-10,9194,new,9172,-4.267462575,1650.168558
15 m,4,X-Aug-10,9985,new,9938,-5.789352977,1641.14801
15 m,5,X-Aug-10,10526,new,10470,-6.77216783,1641.14801
15 m,7,X-Aug-10,11080,new,11095,-7.856453004,1641.14801
15 m,10,X-Aug-10,11208,new,11192,-8.018476304,1641.14801
15 m,12,X-Aug-10,11056,new,11068,-7.811066194,1641.14801
15 m,15,X-Aug-10,11150,new,11111,-7.883289494,1641.14801
43 m,12,X-Aug-10,10986,new,11004,-7.702976348,1641.14801
43 m,16,X-Aug-10,11101,new,11083,-7.836296657,1641.14801
43 m,20,X-Aug-10,11228,new,11213,-8.053342667,1641.14801
43 m,24,X-Aug-10,11285,new,11294,-8.187133114,1641.14801
43 m,28,X-Aug-10,11341,new,11352,-8.28226324,1641.14801
43 m,32,X-Aug-10,11452,new,11447,-8.436888837,1641.14801
43 m,36,X-Aug-10,11516,new,11507,-8.533795203,1641.14801
43 m,40,X-Aug-10,11566,new,11577,-8.646127162,1641.14801
43 m,42,X-Aug-10,11575,new,11565,-8.626925335,1641.14801
15 m,1,3-Sep-10,6374,new,6338,2.937687341,1659.127643
15 m,2,3-Sep-10,8070,new,8073,-1.816848487,1650.168558
15 m,3,3-Sep-10,8946,new,8924,-3.74488506,1650.168558
15 m,4,3-Sep-10,9695,new,9648,-5.22797361,1641.14801
15 m,5,3-Sep-10,10235,new,10179,-6.241834142,1641.14801
15 m,7,3-Sep-10,10911,new,10926,-7.570268335,1641.14801
15 m,10,3-Sep-10,11172,new,11156,-7.95853148,1641.14801
15 m,12,3-Sep-10,11070,new,11082,-7.834615838,1641.14801
15 m,15,3-Sep-10,11167,new,11128,-7.91175502,1641.14801
43 m,12,3-Sep-10,10998,new,11016,-7.723297719,1641.14801
43 m,16,3-Sep-10,11107,new,11089,-7.84637794,1641.14801
43 m,20,3-Sep-10,11226,new,11211,-8.050025271,1641.14801
43 m,24,3-Sep-10,11284,new,11293,-8.185488058,1641.14801
43 m,28,3-Sep-10,11339,new,11350,-8.278992124,1641.14801
43 m,32,3-Sep-10,11456,new,11451,-8.44336726,1641.14801
43 m,36,3-Sep-10,11515,new,11506,-8.532184821,1641.14801
43 m,40,3-Sep-10,11567,new,11578,-8.64772629,1641.14801
43 m,42,3-Sep-10,11575,new,11565,-8.626925335,1641.14801
15 m,1,15-Apr-11,15030,new,14994,NA,NA
15 m,2,15-Apr-11,13944,new,13947,NA,NA
15 m,3,15-Apr-11,12954,new,12932,NA,NA
15 m,4,15-Apr-11,11914,new,11867,-9.103391806,1641.14801
15 m,5,15-Apr-11,11284,new,11228,-8.078201656,1641.14801
15 m,7,15-Apr-11,10464,new,10479,-6.788300849,1641.14801
15 m,10,15-Apr-11,10595,new,10579,-6.966499991,1641.14801
15 m,12,15-Apr-11,10783,new,10795,-7.344937057,1641.14801
15 m,15,15-Apr-11,11081,new,11042,-7.767240879,1641.14801
43 m,12,15-Apr-11,10720,new,10738,-7.245916323,1641.14801
43 m,16,15-Apr-11,11077,new,11059,-7.795909192,1641.14801
43 m,20,15-Apr-11,11221,new,11206,-8.041728825,1641.14801
43 m,24,15-Apr-11,11270,new,11279,-8.162439816,1641.14801
43 m,28,15-Apr-11,11325,new,11336,-8.256075896,1641.14801
43 m,32,15-Apr-11,11445,new,11440,-8.425545385,1641.14801
43 m,36,15-Apr-11,11506,new,11497,-8.517684202,1641.14801
43 m,40,15-Apr-11,11558,new,11569,-8.633328467,1641.14801
43 m,42,15-Apr-11,11566,new,11556,-8.612509054,1641.14801
15 m,1,15-May-11,12406,new,12370,-9.867089193,1641.14801
15 m,2,15-May-11,12844,new,12847,NA,NA
15 m,3,15-May-11,12666,new,12644,NA,NA
15 m,4,15-May-11,12230,new,12183,-9.587372429,1641.14801
15 m,5,15-May-11,11689,new,11633,-8.735436669,1641.14801
15 m,7,15-May-11,10771,new,10786,-7.329341909,1641.14801
15 m,10,15-May-11,10686,new,10670,-7.126999026,1641.14801
15 m,12,15-May-11,10779,new,10791,-7.338007712,1641.14801
15 m,15,15-May-11,11058,new,11019,-7.728374117,1641.14801
43 m,12,15-May-11,10717,new,10735,-7.240688106,1641.14801
43 m,16,15-May-11,11058,new,11040,-7.763864828,1641.14801
43 m,20,15-May-11,11216,new,11201,-8.033428158,1641.14801
43 m,24,15-May-11,11270,new,11279,-8.162439816,1641.14801
43 m,28,15-May-11,11325,new,11336,-8.256075896,1641.14801
43 m,32,15-May-11,11443,new,11438,-8.422302945,1641.14801
43 m,36,15-May-11,11505,new,11496,-8.516072223,1641.14801
43 m,40,15-May-11,11556,new,11567,-8.630127217,1641.14801
43 m,42,15-May-11,11564,new,11554,-8.609303697,1641.14801
15 m,1,15-Jun-11,7781,new,7745,-1.010793811,1650.168558
15 m,2,15-Jun-11,9551,new,9554,-5.041863559,1641.14801
15 m,3,15-Jun-11,10744,new,10722,-7.218013221,1641.14801
15 m,4,15-Jun-11,11382,new,11335,-8.254437788,1641.14801
15 m,5,15-Jun-11,11495,new,11439,-8.423924246,1641.14801
15 m,7,15-Jun-11,10994,new,11009,-7.711446656,1641.14801
15 m,10,15-Jun-11,10808,new,10792,-7.339740323,1641.14801
15 m,12,15-Jun-11,10794,new,10806,-7.363977665,1641.14801
15 m,15,15-Jun-11,11046,new,11007,-7.708059059,1641.14801
43 m,12,15-Jun-11,10747,new,10765,-7.292895432,1641.14801
43 m,16,15-Jun-11,11045,new,11027,-7.741903476,1641.14801
43 m,20,15-Jun-11,11210,new,11195,-8.023461778,1641.14801
43 m,24,15-Jun-11,11268,new,11277,-8.159144547,1641.14801
43 m,28,15-Jun-11,11324,new,11335,-8.254437788,1641.14801
43 m,32,15-Jun-11,11442,new,11437,-8.420681482,1641.14801
43 m,36,15-Jun-11,11504,new,11495,-8.514460084,1641.14801
43 m,40,15-Jun-11,11557,new,11568,-8.631727921,1641.14801
43 m,42,15-Jun-11,11564,new,11554,-8.609303697,1641.14801
15 m,1,15-Jul-11,6468,new,6432,2.644252581,1659.127643
15 m,2,15-Jul-11,8589,new,8592,-3.018742588,1650.168558
15 m,3,15-Jul-11,9669,new,9647,-5.226004627,1641.14801
15 m,4,15-Jul-11,10427,new,10380,-6.609962082,1641.14801
15 m,5,15-Jul-11,10833,new,10777,-7.313731911,1641.14801
15 m,7,15-Jul-11,10966,new,10981,-7.663956315,1641.14801
15 m,10,15-Jul-11,10908,new,10892,-7.512082686,1641.14801
15 m,12,15-Jul-11,10832,new,10844,-7.429584602,1641.14801
15 m,15,15-Jul-11,11040,new,11001,-7.697892056,1641.14801
43 m,12,15-Jul-11,10790,new,10808,-7.367437219,1641.14801
43 m,16,15-Jul-11,11036,new,11018,-7.726682159,1641.14801
43 m,20,15-Jul-11,11202,new,11187,-8.010163793,1641.14801
43 m,24,15-Jul-11,11266,new,11275,-8.155848612,1641.14801
43 m,28,15-Jul-11,11322,new,11333,-8.251161077,1641.14801
43 m,32,15-Jul-11,11441,new,11436,-8.419059858,1641.14801
43 m,36,15-Jul-11,11503,new,11494,-8.512847786,1641.14801
43 m,40,15-Jul-11,11555,new,11566,-8.628526355,1641.14801
43 m,42,15-Jul-11,11562,new,11552,-8.606097708,1641.14801
15 m,1,25-Aug-11,6279,new,6243,3.239348605,1659.127643
15 m,2,25-Aug-11,8036,new,8039,-1.735048594,1650.168558
15 m,3,25-Aug-11,8916,new,8894,-3.680547574,1650.168558
15 m,4,25-Aug-11,9644,new,9597,-5.127257278,1641.14801
15 m,5,25-Aug-11,10145,new,10089,-6.074302341,1641.14801
15 m,7,25-Aug-11,10708,new,10723,-7.219758556,1641.14801
15 m,10,25-Aug-11,10928,new,10912,-7.546334583,1641.14801
15 m,12,25-Aug-11,10880,new,10892,-7.512082686,1641.14801
15 m,15,25-Aug-11,11051,new,11012,-7.716526735,1641.14801
43 m,12,25-Aug-11,10842,new,10860,-7.457130165,1641.14801
43 m,16,25-Aug-11,11035,new,11017,-7.724990027,1641.14801
43 m,20,25-Aug-11,11192,new,11177,-7.993526053,1641.14801
43 m,24,25-Aug-11,11260,new,11269,-8.145956805,1641.14801
43 m,28,25-Aug-11,11317,new,11328,-8.242966415,1641.14801
43 m,32,25-Aug-11,11437,new,11432,-8.412571745,1641.14801
43 m,36,25-Aug-11,11501,new,11492,-8.509622709,1641.14801
43 m,40,25-Aug-11,11555,new,11566,-8.628526355,1641.14801
43 m,42,25-Aug-11,11561,new,11551,-8.604494476,1641.14801
15 m,1,15-Sep-11,NA,new,,NA,NA
15 m,2,15-Sep-11,NA,new,,NA,NA
15 m,3,15-Sep-11,NA,new,,NA,NA
15 m,4,15-Sep-11,NA,new,,NA,NA
15 m,5,15-Sep-11,NA,new,,NA,NA
15 m,7,15-Sep-11,NA,new,,NA,NA
15 m,10,15-Sep-11,NA,new,,NA,NA
15 m,12,15-Sep-11,NA,new,,NA,NA
15 m,15,15-Sep-11,NA,new,,NA,NA
43 m,12,15-Sep-11,NA,new,,NA,NA
43 m,16,15-Sep-11,NA,new,,NA,NA
43 m,20,15-Sep-11,NA,new,,NA,NA
43 m,24,15-Sep-11,NA,new,,NA,NA
43 m,28,15-Sep-11,NA,new,,NA,NA
43 m,32,15-Sep-11,NA,new,,NA,NA
43 m,36,15-Sep-11,NA,new,,NA,NA
43 m,40,15-Sep-11,NA,new,,NA,NA
43 m,42,15-Sep-11,NA,new,,NA,NA
15 m,1,14-Apr-12,16960,new,16924,NA,NA
15 m,2,14-Apr-12,16432,new,16435,NA,NA
15 m,3,14-Apr-12,13225,new,13203,NA,NA
15 m,4,14-Apr-12,13432,new,13385,NA,NA
15 m,5,14-Apr-12,12299,new,12243,-9.677651109,1641.14801
15 m,7,14-Apr-12,12668,new,12683,NA,NA
15 m,10,14-Apr-12,12531,new,12515,NA,NA
15 m,12,14-Apr-12,12673,new,12685,NA,NA
15 m,15,14-Apr-12,12474,new,12435,-9.963190317,1641.14801
43 m,12,14-Apr-12,10630,new,10648,-7.088340578,1641.14801
43 m,16,14-Apr-12,10998,new,10980,-7.662257677,1641.14801
43 m,20,14-Apr-12,11170,new,11155,-7.956863199,1641.14801
43 m,24,14-Apr-12,11241,new,11250,-8.114593086,1641.14801
43 m,28,14-Apr-12,11305,new,11316,-8.223282389,1641.14801
43 m,32,14-Apr-12,11427,new,11422,-8.396340132,1641.14801
43 m,36,14-Apr-12,11490,new,11481,-8.49187334,1641.14801
43 m,40,14-Apr-12,11545,new,11556,-8.612509054,1641.14801
43 m,42,14-Apr-12,11554,new,11544,-8.593267421,1641.14801
15 m,1,15-May-12,9815,new,9779,-5.483914962,1641.14801
15 m,2,15-May-12,13166,new,13169,NA,NA
15 m,3,15-May-12,13529,new,13507,NA,NA
15 m,4,15-May-12,13233,new,13186,NA,NA
15 m,5,15-May-12,12605,new,12549,NA,NA
15 m,7,15-May-12,11108,new,11123,-7.903387957,1641.14801
15 m,10,15-May-12,10692,new,10676,-7.13752646,1641.14801
15 m,12,15-May-12,10685,new,10697,-7.174319395,1641.14801
15 m,15,15-May-12,10960,new,10921,-7.561724584,1641.14801
43 m,12,15-May-12,10647,new,10665,-7.118221005,1641.14801
43 m,16,15-May-12,10984,new,10966,-7.638458215,1641.14801
43 m,20,15-May-12,11164,new,11149,-7.946849927,1641.14801
43 m,24,15-May-12,11237,new,11246,-8.107982502,1641.14801
43 m,28,15-May-12,11302,new,11313,-8.218357663,1641.14801
43 m,32,15-May-12,11424,new,11419,-8.391467489,1641.14801
43 m,36,15-May-12,11489,new,11480,-8.4902588,1641.14801
43 m,40,15-May-12,11544,new,11555,-8.610906454,1641.14801
43 m,42,15-May-12,11553,new,11543,-8.591662923,1641.14801
15 m,1,15-Jun-12,7623,new,7587,-0.608462841,1650.168558
15 m,2,15-Jun-12,9694,new,9697,-5.324169321,1641.14801
15 m,3,15-Jun-12,11058,new,11036,-7.757110631,1641.14801
15 m,4,15-Jun-12,11830,new,11783,-8.972264442,1641.14801
15 m,5,15-Jun-12,12011,new,11955,-9.239633498,1641.14801
15 m,7,15-Jun-12,11339,new,11354,-8.285533699,1641.14801
15 m,10,15-Jun-12,10892,new,10876,-7.484629478,1641.14801
15 m,12,15-Jun-12,10739,new,10751,-7.268552694,1641.14801
15 m,15,15-Jun-12,10954,new,10915,-7.551466191,1641.14801
43 m,12,15-Jun-12,10687,new,10705,-7.188314082,1641.14801
43 m,16,15-Jun-12,10974,new,10956,-7.621437372,1641.14801
43 m,20,15-Jun-12,11164,new,11149,-7.946849927,1641.14801
43 m,24,15-Jun-12,11238,new,11247,-8.109635399,1641.14801
43 m,28,15-Jun-12,11305,new,11316,-8.223282389,1641.14801
43 m,32,15-Jun-12,11425,new,11420,-8.393091865,1641.14801
43 m,36,15-Jun-12,11493,new,11484,-8.496715999,1641.14801
43 m,40,15-Jun-12,11547,new,11558,-8.615713778,1641.14801
43 m,42,15-Jun-12,11553,new,11543,-8.591662923,1641.14801
15 m,1,15-Jul-12,NA,new,,NA,NA
15 m,2,15-Jul-12,NA,new,,NA,NA
15 m,3,15-Jul-12,NA,new,,NA,NA
15 m,4,15-Jul-12,NA,new,,NA,NA
15 m,5,15-Jul-12,NA,new,,NA,NA
15 m,7,15-Jul-12,NA,new,,NA,NA
15 m,10,15-Jul-12,NA,new,,NA,NA
15 m,12,15-Jul-12,NA,new,,NA,NA
15 m,15,15-Jul-12,NA,new,,NA,NA
43 m,12,15-Jul-12,NA,new,,NA,NA
43 m,16,15-Jul-12,NA,new,,NA,NA
43 m,20,15-Jul-12,NA,new,,NA,NA
43 m,24,15-Jul-12,NA,new,,NA,NA
43 m,28,15-Jul-12,NA,new,,NA,NA
43 m,32,15-Jul-12,NA,new,,NA,NA
43 m,36,15-Jul-12,NA,new,,NA,NA
43 m,40,15-Jul-12,NA,new,,NA,NA
43 m,42,15-Jul-12,NA,new,,NA,NA
15 m,1,15-Aug-12,5908,new,5872,4.469879936,1659.127643
15 m,2,15-Aug-12,8121,new,8124,-1.938813,1650.168558
15 m,3,15-Aug-12,9126,new,9104,-4.125795241,1650.168558
15 m,4,15-Aug-12,9959,new,9912,-5.73979026,1641.14801
15 m,5,15-Aug-12,10510,new,10454,-6.7434478,1641.14801
15 m,7,15-Aug-12,11015,new,11030,-7.7469741,1641.14801
15 m,10,15-Aug-12,11062,new,11046,-7.773990891,1641.14801
15 m,12,15-Aug-12,10879,new,10891,-7.510368208,1641.14801
15 m,15,15-Aug-12,10994,new,10955,-7.619734313,1641.14801
43 m,12,15-Aug-12,10854,new,10872,-7.477758978,1641.14801
43 m,16,15-Aug-12,10979,new,10961,-7.629950007,1641.14801
43 m,20,15-Aug-12,11144,new,11129,-7.913427918,1641.14801
43 m,24,15-Aug-12,11228,new,11237,-8.093098878,1641.14801
43 m,28,15-Aug-12,11293,new,11304,-8.203574547,1641.14801
43 m,32,15-Aug-12,11414,new,11409,-8.375214797,1641.14801
43 m,36,15-Aug-12,11480,new,11471,-8.475720719,1641.14801
43 m,40,15-Aug-12,11536,new,11547,-8.598079966,1641.14801
43 m,42,15-Aug-12,11545,new,11535,-8.578821227,1641.14801
15 m,1,15-Sep-12,NA,new,,NA,NA
15 m,2,15-Sep-12,NA,new,,NA,NA
15 m,3,15-Sep-12,NA,new,,NA,NA
15 m,4,15-Sep-12,NA,new,,NA,NA
15 m,5,15-Sep-12,NA,new,,NA,NA
15 m,7,15-Sep-12,NA,new,,NA,NA
15 m,10,15-Sep-12,NA,new,,NA,NA
15 m,12,15-Sep-12,NA,new,,NA,NA
15 m,15,15-Sep-12,NA,new,,NA,NA
43 m,12,15-Sep-12,NA,new,,NA,NA
43 m,16,15-Sep-12,NA,new,,NA,NA
43 m,20,15-Sep-12,NA,new,,NA,NA
43 m,24,15-Sep-12,NA,new,,NA,NA
43 m,28,15-Sep-12,NA,new,,NA,NA
43 m,32,15-Sep-12,NA,new,,NA,NA
43 m,36,15-Sep-12,NA,new,,NA,NA
43 m,40,15-Sep-12,NA,new,,NA,NA
43 m,42,15-Sep-12,NA,new,,NA,NA
15 m,1,16-Apr-13,16820,new,16784,-15.4,NA
15 m,2,16-Apr-13,16188,new,16191,-14.8,NA
15 m,3,16-Apr-13,14807,new,14785,-13.15,NA
15 m,4,16-Apr-13,13285,new,13238,-11.15,NA
15 m,5,16-Apr-13,12225,new,12169,-9.566234497,1641.14801
15 m,7,16-Apr-13,10829,new,10844,-7.429584602,1641.14801
15 m,10,16-Apr-13,10817,new,10801,-7.355325586,1641.14801
15 m,12,16-Apr-13,10706,new,10718,-7.211030024,1641.14801
15 m,15,16-Apr-13,10981,new,10942,-7.597578401,1641.14801
43 m,12,16-Apr-13,10674,new,10692,-7.165566651,1641.14801
43 m,16,16-Apr-13,10998,new,10980,-7.662257677,1641.14801
43 m,20,16-Apr-13,11146,new,11131,-7.9167732,1641.14801
43 m,24,16-Apr-13,11809,new,11818,-9.027029923,1641.14801
43 m,28,16-Apr-13,11276,new,11287,-8.175614232,1641.14801
43 m,32,16-Apr-13,11404,new,11399,-8.358945855,1641.14801
43 m,36,16-Apr-13,11464,new,11455,-8.449843103,1641.14801
43 m,40,16-Apr-13,11527,new,11538,-8.583638052,1641.14801
43 m,42,16-Apr-13,11537,new,11527,-8.565969374,1641.14801
15 m,1,15-May-13,12334,new,12298,-9.759964805,1641.14801
15 m,2,15-May-13,13670,new,13673,-11.7,NA
15 m,3,15-May-13,13751,new,13729,-11.8,NA
15 m,4,15-May-13,13284,new,13237,-11.15,NA
15 m,5,15-May-13,12517,new,12461,-10.1,NA
15 m,7,15-May-13,11183,new,11198,-8.028445729,1641.14801
15 m,10,15-May-13,10770,new,10754,-7.273772038,1641.14801
15 m,12,15-May-13,10721,new,10733,-7.237201701,1641.14801
15 m,15,15-May-13,10961,new,10922,-7.563433691,1641.14801
43 m,12,15-May-13,10702,new,10720,-7.214521994,1641.14801
43 m,16,15-May-13,10985,new,10967,-7.640159325,1641.14801
43 m,20,15-May-13,11145,new,11130,-7.915100644,1641.14801
43 m,24,15-May-13,11209,new,11218,-8.061633208,1641.14801
43 m,28,15-May-13,11272,new,11283,-8.169028355,1641.14801
43 m,32,15-May-13,11402,new,11397,-8.355690113,1641.14801
43 m,36,15-May-13,11471,new,11462,-8.461169627,1641.14801
43 m,40,15-May-13,11530,new,11541,-8.58845345,1641.14801
43 m,42,15-May-13,11537,new,11527,-8.565969374,1641.14801
15 m,1,15-Jun-13,7460,new,7424,-0.183233204,1650.168558
15 m,2,15-Jun-13,9903,new,9906,-5.728331633,1641.14801
15 m,3,15-Jun-13,12312,new,12290,-9.748018001,1641.14801
15 m,4,15-Jun-13,12057,new,12010,-9.324205435,1641.14801
15 m,5,15-Jun-13,12174,new,12118,-9.488997024,1641.14801
15 m,7,15-Jun-13,11425,new,11440,-8.425545385,1641.14801
15 m,10,15-Jun-13,10956,new,10940,-7.594167134,1641.14801
15 m,12,15-Jun-13,10776,new,10788,-7.33280878,1641.14801
15 m,15,15-Jun-13,10966,new,10927,-7.57197655,1641.14801
43 m,12,15-Jun-13,10760,new,10778,-7.315467089,1641.14801
43 m,16,15-Jun-13,10977,new,10959,-7.626545484,1641.14801
43 m,20,15-Jun-13,11136,new,11121,-7.900039931,1641.14801
43 m,24,15-Jun-13,11205,new,11214,-8.055001113,1641.14801
43 m,28,15-Jun-13,11275,new,11286,-8.173968012,1641.14801
43 m,32,15-Jun-13,11403,new,11398,-8.357318065,1641.14801
43 m,36,15-Jun-13,11472,new,11463,-8.462787058,1641.14801
43 m,40,15-Jun-13,11530,new,11541,-8.58845345,1641.14801
43 m,42,15-Jun-13,11537,new,11527,-8.565969374,1641.14801
15 m,1,15-Jul-13,6461,new,6425,2.66593449,1659.127643
15 m,2,15-Jul-13,8785,new,8788,-3.451221096,1650.168558
15 m,3,15-Jul-13,9984,new,9962,-5.834971981,1641.14801
15 m,4,15-Jul-13,10843,new,10796,-7.346668936,1641.14801
15 m,5,15-Jul-13,11304,new,11248,-8.111288129,1641.14801
15 m,7,15-Jul-13,11348,new,11363,-8.300242639,1641.14801
15 m,10,15-Jul-13,11087,new,11071,-7.816115405,1641.14801
15 m,12,15-Jul-13,10846,new,10858,-7.453689502,1641.14801
15 m,15,15-Jul-13,10977,new,10938,-7.590755156,1641.14801
43 m,12,15-Jul-13,10835,new,10853,-7.445084681,1641.14801
43 m,16,15-Jul-13,10981,new,10963,-7.633353821,1641.14801
43 m,20,15-Jul-13,11136,new,11121,-7.900039931,1641.14801
43 m,24,15-Jul-13,11207,new,11216,-8.058317497,1641.14801
43 m,28,15-Jul-13,11273,new,11284,-8.170675074,1641.14801
43 m,32,15-Jul-13,11401,new,11396,-8.354061999,1641.14801
43 m,36,15-Jul-13,11470,new,11461,-8.459552035,1641.14801
43 m,40,15-Jul-13,11526,new,11537,-8.582032603,1641.14801
43 m,42,15-Jul-13,11534,new,11524,-8.561147307,1641.14801
15 m,1,15-Aug-13,5718,new,5682,5.134419765,1666.952791
15 m,2,15-Aug-13,8207,new,8210,-2.142510081,1650.168558
15 m,3,15-Aug-13,9249,new,9227,-4.381172207,1650.168558
15 m,4,15-Aug-13,10071,new,10024,-5.952242794,1641.14801
15 m,5,15-Aug-13,10608,new,10552,-6.918576223,1641.14801
15 m,7,15-Aug-13,11096,new,11111,-7.883289494,1641.14801
15 m,10,15-Aug-13,11129,new,11113,-7.886640956,1641.14801
15 m,12,15-Aug-13,10918,new,10930,-7.577100126,1641.14801
15 m,15,15-Aug-13,11007,new,10968,-7.641860259,1641.14801
43 m,12,15-Aug-13,10895,new,10913,-7.548045298,1641.14801
43 m,16,15-Aug-13,10990,new,10972,-7.648662225,1641.14801
43 m,20,15-Aug-13,11127,new,11112,-7.884965311,1641.14801
43 m,24,15-Aug-13,11198,new,11207,-8.043388452,1641.14801
43 m,28,15-Aug-13,11267,new,11278,-8.160792265,1641.14801
43 m,32,15-Aug-13,11397,new,11392,-8.34754791,1641.14801
43 m,36,15-Aug-13,11465,new,11456,-8.451461661,1641.14801
43 m,40,15-Aug-13,11524,new,11535,-8.578821227,1641.14801
43 m,42,15-Aug-13,11533,new,11523,-8.559539634,1641.14801
15 m,1,5-Sep-13,6803,new,6767,1.637058758,1659.127643
15 m,2,5-Sep-13,8018,new,8021,-1.691582539,1650.168558
15 m,3,5-Sep-13,8931,new,8909,-3.712747239,1650.168558
15 m,4,5-Sep-13,9705,new,9658,-5.247650625,1641.14801
15 m,5,5-Sep-13,10255,new,10199,-6.27883388,1641.14801
15 m,7,5-Sep-13,10903,new,10918,-7.556596191,1641.14801
15 m,10,5-Sep-13,11096,new,11080,-7.831253681,1641.14801
15 m,12,5-Sep-13,10945,new,10957,-7.623140253,1641.14801
15 m,15,5-Sep-13,11025,new,10986,-7.672446855,1641.14801
43 m,12,5-Sep-13,10421,new,10439,-6.716477184,1641.14801
43 m,16,5-Sep-13,11002,new,10984,-7.669051168,1641.14801
43 m,20,5-Sep-13,11131,new,11116,-7.89166686,1641.14801
43 m,24,5-Sep-13,11200,new,11209,-8.046707199,1641.14801
43 m,28,5-Sep-13,11269,new,11280,-8.164087201,1641.14801
43 m,32,5-Sep-13,11401,new,11396,-8.354061999,1641.14801
43 m,36,5-Sep-13,11467,new,11458,-8.454698294,1641.14801
43 m,40,5-Sep-13,11527,new,11538,-8.583638052,1641.14801
43 m,42,5-Sep-13,11539,new,11529,-8.56918329,1641.14801
15 m,1,13-Apr-14,14050,new,14014,NA,NA
15 m,2,13-Apr-14,13481,new,13484,NA,NA
15 m,3,13-Apr-14,12294,new,12272,-9.721105264,1641.14801
15 m,4,13-Apr-14,11501,new,11454,-8.448224384,1641.14801
15 m,5,13-Apr-14,11008,new,10952,-7.614624073,1641.14801
15 m,7,13-Apr-14,10361,new,10376,-6.602715727,1641.14801
15 m,10,13-Apr-14,10533,new,10517,-6.856244178,1641.14801
15 m,12,13-Apr-14,10712,new,10724,-7.221503706,1641.14801
15 m,15,13-Apr-14,10986,new,10947,-7.606103457,1641.14801
43 m,12,13-Apr-14,10675,new,10693,-7.167317573,1641.14801
43 m,16,13-Apr-14,11003,new,10985,-7.670749099,1641.14801
43 m,20,13-Apr-14,11137,new,11122,-7.90171403,1641.14801
43 m,24,13-Apr-14,11191,new,11200,-8.031767518,1641.14801
43 m,28,13-Apr-14,11256,new,11267,-8.142658202,1641.14801
43 m,32,13-Apr-14,11382,new,11377,-8.323096831,1641.14801
43 m,36,13-Apr-14,11453,new,11444,-8.432028326,1641.14801
43 m,40,13-Apr-14,11513,new,11524,-8.561147307,1641.14801
43 m,42,13-Apr-14,11522,new,11512,-8.541844719,1641.14801
15 m,1,15-May-14,8304,new,8268,-2.278515392,1650.168558
15 m,2,15-May-14,10421,new,10424,-6.689462313,1641.14801
15 m,3,15-May-14,11363,new,11341,-8.264263966,1641.14801
15 m,4,15-May-14,11543,new,11496,-8.516072223,1641.14801
15 m,5,15-May-14,11301,new,11245,-8.106329436,1641.14801
15 m,7,15-May-14,10634,new,10649,-7.090099756,1641.14801
15 m,10,15-May-14,10606,new,10590,-6.985984497,1641.14801
15 m,12,15-May-14,10699,new,10711,-7.198802271,1641.14801
15 m,15,15-May-14,10966,new,10927,-7.57197655,1641.14801
43 m,12,15-May-14,10672,new,10690,-7.162064245,1641.14801
43 m,16,15-May-14,10484,new,10466,-6.764992519,1641.14801
43 m,20,15-May-14,11136,new,11121,-7.900039931,1641.14801
43 m,24,15-May-14,11195,new,11204,-8.038409065,1641.14801
43 m,28,15-May-14,11256,new,11267,-8.142658202,1641.14801
43 m,32,15-May-14,11385,new,11380,-8.327989986,1641.14801
43 m,36,15-May-14,11451,new,11442,-8.428787178,1641.14801
43 m,40,15-May-14,11510,new,11521,-8.556323809,1641.14801
43 m,42,15-May-14,11521,new,11511,-8.540235135,1641.14801
15 m,1,15-Jun-14,7628,new,7592,-0.621341118,1650.168558
15 m,2,15-Jun-14,9018,new,9021,-3.951231702,1650.168558
15 m,3,15-Jun-14,9965,new,9943,-5.7988673,1641.14801
15 m,4,15-Jun-14,10586,new,10539,-6.895451894,1641.14801
15 m,5,15-Jun-14,10848,new,10792,-7.339740323,1641.14801
15 m,7,15-Jun-14,10750,new,10765,-7.292895432,1641.14801
15 m,10,15-Jun-14,10702,new,10686,-7.155057192,1641.14801
15 m,12,15-Jun-14,10709,new,10721,-7.2162677,1641.14801
15 m,15,15-Jun-14,10952,new,10913,-7.548045298,1641.14801
43 m,12,15-Jun-14,10700,new,10718,-7.211030024,1641.14801
43 m,16,15-Jun-14,10978,new,10960,-7.628247834,1641.14801
43 m,20,15-Jun-14,11133,new,11118,-7.895016604,1641.14801
43 m,24,15-Jun-14,11192,new,11201,-8.033428158,1641.14801
43 m,28,15-Jun-14,11256,new,11267,-8.142658202,1641.14801
43 m,32,15-Jun-14,11381,new,11376,-8.321465453,1641.14801
43 m,36,15-Jun-14,11453,new,11444,-8.432028326,1641.14801
43 m,40,15-Jun-14,11513,new,11524,-8.561147307,1641.14801
43 m,42,15-Jun-14,11522,new,11512,-8.541844719,1641.14801
15 m,1,14-Jul-14,6023,new,5987,4.079140421,1659.127643
15 m,2,14-Jul-14,8407,new,8410,-2.606943674,1650.168558
15 m,3,14-Jul-14,9320,new,9298,-4.526822257,1650.168558
15 m,4,14-Jul-14,9985,new,9938,-5.789352977,1641.14801
15 m,5,14-Jul-14,10381,new,10325,-6.510044316,1641.14801
15 m,7,14-Jul-14,10670,new,10685,-7.153304961,1641.14801
15 m,10,14-Jul-14,10762,new,10746,-7.259850094,1641.14801
15 m,12,14-Jul-14,10740,new,10752,-7.27029266,1641.14801
15 m,15,14-Jul-14,10948,new,10909,-7.541201365,1641.14801
43 m,12,14-Jul-14,10734,new,10752,-7.27029266,1641.14801
43 m,16,14-Jul-14,10941,new,10923,-7.56514262,1641.14801
43 m,20,14-Jul-14,11129,new,11114,-7.88831643,1641.14801
43 m,24,14-Jul-14,11192,new,11201,-8.033428158,1641.14801
43 m,28,14-Jul-14,11257,new,11268,-8.144307587,1641.14801
43 m,32,14-Jul-14,11382,new,11377,-8.323096831,1641.14801
43 m,36,14-Jul-14,11432,new,11423,-8.397964023,1641.14801
43 m,40,14-Jul-14,11513,new,11524,-8.561147307,1641.14801
43 m,42,14-Jul-14,11523,new,11513,-8.543454144,1641.14801
15 m,1,15-Aug-14,6314,new,6278,3.127602692,1659.127643
15 m,2,15-Aug-14,8050,new,8053,-1.768778698,1650.168558
15 m,3,15-Aug-14,8860,new,8838,-3.559785264,1650.168558
15 m,4,15-Aug-14,9515,new,9468,-4.870464162,1650.168558
15 m,5,15-Aug-14,9967,new,9911,-5.737881039,1641.14801
15 m,7,15-Aug-14,10499,new,10514,-6.850890422,1641.14801
15 m,10,15-Aug-14,10761,new,10745,-7.25810902,1641.14801
15 m,12,15-Aug-14,10764,new,10776,-7.311996548,1641.14801
15 m,15,15-Aug-14,10952,new,10913,-7.548045298,1641.14801
43 m,12,15-Aug-14,10762,new,10780,-7.318936895,1641.14801
43 m,16,15-Aug-14,10971,new,10953,-7.616327663,1641.14801
43 m,20,15-Aug-14,11122,new,11107,-7.876584505,1641.14801
43 m,24,15-Aug-14,11189,new,11198,-8.028445729,1641.14801
43 m,28,15-Aug-14,11253,new,11264,-8.137709044,1641.14801
43 m,32,15-Aug-14,11380,new,11375,-8.31983391,1641.14801
43 m,36,15-Aug-14,11450,new,11441,-8.427166362,1641.14801
43 m,40,15-Aug-14,11511,new,11522,-8.557931801,1641.14801
43 m,42,15-Aug-14,11519,new,11509,-8.537015488,1641.14801
15 m,1,1-Sep-14,6561,new,6525,2.358729625,1659.127643
15 m,2,1-Sep-14,7948,new,7951,-1.521481802,1650.168558
15 m,3,1-Sep-14,8701,new,8679,-3.212086352,1650.168558
15 m,4,1-Sep-14,9335,new,9288,-4.506385118,1650.168558
15 m,5,1-Sep-14,9791,new,9735,-5.398388776,1641.14801
15 m,7,1-Sep-14,10403,new,10418,-6.678643942,1641.14801
15 m,10,1-Sep-14,10741,new,10725,-7.223248669,1641.14801
15 m,12,1-Sep-14,10773,new,10785,-7.327608199,1641.14801
15 m,15,1-Sep-14,10958,new,10919,-7.558305834,1641.14801
43 m,12,1-Sep-14,10770,new,10788,-7.33280878,1641.14801
43 m,16,1-Sep-14,10971,new,10953,-7.616327663,1641.14801
43 m,20,1-Sep-14,11120,new,11105,-7.873230978,1641.14801
43 m,24,1-Sep-14,11187,new,11196,-8.025123265,1641.14801
43 m,28,1-Sep-14,11250,new,11261,-8.132758384,1641.14801
43 m,32,1-Sep-14,11377,new,11372,-8.314938303,1641.14801
43 m,36,1-Sep-14,11447,new,11438,-8.422302945,1641.14801
43 m,40,1-Sep-14,11510,new,11521,-8.556323809,1641.14801
43 m,42,1-Sep-14,11518,new,11508,-8.535405425,1641.14801
15 m,1,19-Apr-15,12859,new,12823,NA,NA
15 m,2,19-Apr-15,12599,new,12602,NA,NA
15 m,3,19-Apr-15,12160,new,12138,-9.519330299,1641.14801
15 m,4,19-Apr-15,11514,new,11467,-8.469255174,1641.14801
15 m,5,19-Apr-15,10955,new,10899,-7.524079004,1641.14801
15 m,7,19-Apr-15,10209,new,10224,-6.32496728,1641.14801
15 m,10,19-Apr-15,10340,new,10324,-6.508222011,1641.14801
15 m,12,19-Apr-15,10547,new,10559,-6.931014326,1641.14801
15 m,15,19-Apr-15,10871,new,10832,-7.408894989,1641.14801
43 m,12,19-Apr-15,10519,new,10537,-6.891891417,1641.14801
43 m,16,19-Apr-15,10925,new,10907,-7.537778326,1641.14801
43 m,20,19-Apr-15,11079,new,11064,-7.804331485,1641.14801
43 m,24,19-Apr-15,11172,new,11181,-8.000183185,1641.14801
43 m,28,19-Apr-15,11240,new,11251,-8.116245314,1641.14801
43 m,32,19-Apr-15,11370,new,11365,-8.303509489,1641.14801
43 m,36,19-Apr-15,11439,new,11430,-8.409326718,1641.14801
43 m,40,19-Apr-15,11500,new,11511,-8.540235135,1641.14801
43 m,42,19-Apr-15,11503,new,11493,-8.511235327,1641.14801
15 m,1,16-May-15,8313,new,8277,-2.29952194,1650.168558
15 m,2,16-May-15,10697,new,10700,-7.179568801,1641.14801
15 m,3,16-May-15,11928,new,11906,-9.163913238,1641.14801
15 m,4,16-May-15,11433,new,11386,-8.337771886,1641.14801
15 m,5,16-May-15,11128,new,11072,-7.817798129,1641.14801
15 m,7,16-May-15,10437,new,10452,-6.73985427,1641.14801
15 m,10,16-May-15,10407,new,10391,-6.62987314,1641.14801
15 m,12,16-May-15,10536,new,10548,-6.911464508,1641.14801
15 m,15,16-May-15,10845,new,10806,-7.363977665,1641.14801
43 m,12,16-May-15,10520,new,10538,-6.893671752,1641.14801
43 m,16,16-May-15,10900,new,10882,-7.494929826,1641.14801
43 m,20,16-May-15,11093,new,11078,-7.827890832,1641.14801
43 m,24,16-May-15,11167,new,11176,-7.991861346,1641.14801
43 m,28,16-May-15,11240,new,11251,-8.116245314,1641.14801
43 m,32,16-May-15,11365,new,11360,-8.295341136,1641.14801
43 m,36,16-May-15,11439,new,11430,-8.409326718,1641.14801
43 m,40,16-May-15,11497,new,11508,-8.535405425,1641.14801
43 m,42,16-May-15,11508,new,11498,-8.519296021,1641.14801
15 m,1,15-Jun-15,7369,new,7333,0.05851811,1659.127643
15 m,2,15-Jun-15,8958,new,8961,-3.823895355,1650.168558
15 m,3,15-Jun-15,9931,new,9909,-5.734061937,1641.14801
15 m,4,15-Jun-15,10537,new,10490,-6.807997528,1641.14801
15 m,5,15-Jun-15,10755,new,10699,-7.177819186,1641.14801
15 m,7,15-Jun-15,10568,new,10583,-6.973587939,1641.14801
15 m,10,15-Jun-15,10507,new,10491,-6.809786966,1641.14801
15 m,12,15-Jun-15,10551,new,10563,-6.93811759,1641.14801
15 m,15,15-Jun-15,10838,new,10799,-7.351863474,1641.14801
43 m,12,15-Jun-15,10547,new,10565,-6.941668072,1641.14801
43 m,16,15-Jun-15,10889,new,10871,-7.476040902,1641.14801
43 m,20,15-Jun-15,11090,new,11075,-7.82284526,1641.14801
43 m,24,15-Jun-15,11170,new,11179,-7.996854959,1641.14801
43 m,28,15-Jun-15,11237,new,11248,-8.111288129,1641.14801
43 m,32,15-Jun-15,11366,new,11361,-8.296975134,1641.14801
43 m,36,15-Jun-15,11436,new,11427,-8.404457963,1641.14801
43 m,40,15-Jun-15,11498,new,11509,-8.537015488,1641.14801
43 m,42,15-Jun-15,11509,new,11499,-8.52090768,1641.14801
15 m,1,14-Jul-15,5688,new,5652,5.241269776,1666.952791
15 m,2,14-Jul-15,8327,new,8330,-2.422700129,1650.168558
15 m,3,14-Jul-15,9238,new,9216,-4.358492283,1650.168558
15 m,4,14-Jul-15,9891,new,9844,-5.609459853,1641.14801
15 m,5,14-Jul-15,10265,new,10209,-6.29730271,1641.14801
15 m,7,14-Jul-15,10504,new,10519,-6.859812381,1641.14801
15 m,10,14-Jul-15,10575,new,10559,-6.931014326,1641.14801
15 m,12,14-Jul-15,10571,new,10583,-6.973587939,1641.14801
15 m,15,14-Jul-15,10828,new,10789,-7.334541941,1641.14801
43 m,12,14-Jul-15,10582,new,10600,-7.003677659,1641.14801
43 m,16,14-Jul-15,10881,new,10863,-7.462289805,1641.14801
43 m,20,14-Jul-15,11082,new,11067,-7.809382777,1641.14801
43 m,24,14-Jul-15,11166,new,11175,-7.990196468,1641.14801
43 m,28,14-Jul-15,11236,new,11247,-8.109635399,1641.14801
43 m,32,14-Jul-15,11364,new,11359,-8.293706973,1641.14801
43 m,36,14-Jul-15,11437,new,11428,-8.406081043,1641.14801
43 m,40,14-Jul-15,11498,new,11509,-8.537015488,1641.14801
43 m,42,14-Jul-15,11508,new,11498,-8.519296021,1641.14801
15 m,1,15-Aug-15,5866,new,5830,4.614774903,1659.127643
15 m,2,15-Aug-15,7995,new,7998,-1.635880068,1650.168558
15 m,3,15-Aug-15,8787,new,8765,-3.401044467,1650.168558
15 m,4,15-Aug-15,9428,new,9381,-4.695488246,1650.168558
15 m,5,15-Aug-15,9856,new,9800,-5.524579536,1641.14801
15 m,7,15-Aug-15,10346,new,10361,-6.575513478,1641.14801
15 m,10,15-Aug-15,10588,new,10572,-6.954088721,1641.14801
15 m,12,15-Aug-15,10609,new,10621,-7.040771393,1641.14801
15 m,15,15-Aug-15,10833,new,10794,-7.343204996,1641.14801
43 m,12,15-Aug-15,10610,new,10628,-7.05311738,1641.14801
43 m,16,15-Aug-15,10879,new,10861,-7.458850226,1641.14801
43 m,20,15-Aug-15,11074,new,11059,-7.795909192,1641.14801
43 m,24,15-Aug-15,11163,new,11172,-7.985200817,1641.14801
43 m,28,15-Aug-15,11237,new,11248,-8.111288129,1641.14801
43 m,32,15-Aug-15,11365,new,11360,-8.295341136,1641.14801
43 m,36,15-Aug-15,11433,new,11424,-8.399587751,1641.14801
43 m,40,15-Aug-15,11496,new,11507,-8.533795203,1641.14801
43 m,42,15-Aug-15,11506,new,11496,-8.516072223,1641.14801
15 m,1,15-Sep-15,NA,new,,NA,NA
15 m,2,15-Sep-15,NA,new,,NA,NA
15 m,3,15-Sep-15,NA,new,,NA,NA
15 m,4,15-Sep-15,NA,new,,NA,NA
15 m,5,15-Sep-15,NA,new,,NA,NA
15 m,7,15-Sep-15,NA,new,,NA,NA
15 m,10,15-Sep-15,NA,new,,NA,NA
15 m,12,15-Sep-15,NA,new,,NA,NA
15 m,15,15-Sep-15,NA,new,,NA,NA
43 m,12,15-Sep-15,NA,new,,NA,NA
43 m,16,15-Sep-15,NA,new,,NA,NA
43 m,20,15-Sep-15,NA,new,,NA,NA
43 m,24,15-Sep-15,NA,new,,NA,NA
43 m,28,15-Sep-15,NA,new,,NA,NA
43 m,32,15-Sep-15,NA,new,,NA,NA
43 m,36,15-Sep-15,NA,new,,NA,NA
43 m,40,15-Sep-15,NA,new,,NA,NA
43 m,42,15-Sep-15,NA,new,,NA,NA
15 m,1,15-Apr-16,13540,new,13504,NA,NA
15 m,2,15-Apr-16,12729,new,12732,NA,NA
15 m,3,15-Apr-16,12134,new,12112,-9.479885916,1641.14801
15 m,4,15-Apr-16,11296,new,11249,-8.112940691,1641.14801
15 m,5,15-Apr-16,10750,new,10694,-7.169068309,1641.14801
15 m,7,15-Apr-16,10077,new,10092,-6.079914174,1641.14801
15 m,10,15-Apr-16,10220,new,10204,-6.288070877,1641.14801
15 m,12,15-Apr-16,10437,new,10449,-6.734462503,1641.14801
15 m,15,15-Apr-16,10765,new,10726,-7.224993448,1641.14801
43 m,12,15-Apr-16,NA,new,,NA,NA
43 m,16,15-Apr-16,NA,new,,NA,NA
43 m,20,15-Apr-16,NA,new,,NA,NA
43 m,24,15-Apr-16,NA,new,,NA,NA
43 m,28,15-Apr-16,NA,new,,NA,NA
43 m,32,15-Apr-16,NA,new,,NA,NA
43 m,36,15-Apr-16,NA,new,,NA,NA
43 m,40,15-Apr-16,NA,new,,NA,NA
43 m,42,15-Apr-16,NA,new,,NA,NA
15 m,1,15-May-16,8482,new,8446,-2.689201146,1650.168558
15 m,2,15-May-16,11000,new,11003,-7.70128176,1641.14801
15 m,3,15-May-16,11488,new,11466,-8.467638387,1641.14801
15 m,4,15-May-16,11386,new,11339,-8.260989232,1641.14801
15 m,5,15-May-16,11035,new,10979,-7.660558864,1641.14801
15 m,7,15-May-16,10323,new,10338,-6.533715964,1641.14801
15 m,10,15-May-16,10791,new,10775,-7.310261003,1641.14801
15 m,12,15-May-16,10923,new,10935,-7.585635855,1641.14801
15 m,15,15-May-16,10740,new,10701,-7.181318231,1641.14801
43 m,12,15-May-16,NA,new,,NA,NA
43 m,16,15-May-16,NA,new,,NA,NA
43 m,20,15-May-16,NA,new,,NA,NA
43 m,24,15-May-16,NA,new,,NA,NA
43 m,28,15-May-16,NA,new,,NA,NA
43 m,32,15-May-16,NA,new,,NA,NA
43 m,36,15-May-16,NA,new,,NA,NA
43 m,40,15-May-16,NA,new,,NA,NA
43 m,42,15-May-16,NA,new,,NA,NA
15 m,1,15-Jun-16,7415,new,7379,-0.063955467,1650.168558
15 m,2,15-Jun-16,8995,new,8998,-3.902534044,1650.168558
15 m,3,15-Jun-16,9951,new,9929,-5.77221342,1641.14801
15 m,4,15-Jun-16,10522,new,10475,-6.781132571,1641.14801
15 m,5,15-Jun-16,10713,new,10657,-7.104166401,1641.14801
15 m,7,15-Jun-16,10471,new,10486,-6.800837827,1641.14801
15 m,10,15-Jun-16,10398,new,10382,-6.613584065,1641.14801
15 m,12,15-Jun-16,10443,new,10455,-6.74524427,1641.14801
15 m,15,15-Jun-16,10727,new,10688,-7.158561093,1641.14801
43 m,12,15-Jun-16,10430,new,10448,-6.732664855,1641.14801
43 m,16,15-Jun-16,10798,new,10780,-7.318936895,1641.14801
43 m,20,15-Jun-16,11022,new,11007,-7.708059059,1641.14801
43 m,24,15-Jun-16,11126,new,11135,-7.923461708,1641.14801
43 m,28,15-Jun-16,11210,new,11221,-8.06660551,1641.14801
43 m,32,15-Jun-16,11345,new,11340,-8.262626681,1641.14801
43 m,36,15-Jun-16,11420,new,11411,-8.378466634,1641.14801
43 m,40,15-Jun-16,11484,new,11495,-8.514460084,1641.14801
43 m,42,15-Jun-16,11494,new,11484,-8.496715999,1641.14801
15 m,1,17-Jul-16,5697,new,5661,5.209146714,1666.952791
15 m,2,17-Jul-16,8319,new,8322,-2.404164665,1650.168558
15 m,3,17-Jul-16,9213,new,9191,-4.306831877,1650.168558
15 m,4,17-Jul-16,9892,new,9845,-5.611383915,1641.14801
15 m,5,17-Jul-16,10202,new,10146,-6.180602816,1641.14801
15 m,7,17-Jul-16,10412,new,10427,-6.694868834,1641.14801
15 m,10,17-Jul-16,10170,new,10154,-6.195467624,1641.14801
15 m,12,17-Jul-16,10477,new,10489,-6.806207895,1641.14801
15 m,15,17-Jul-16,10738,new,10699,-7.177819186,1641.14801
43 m,12,17-Jul-16,10456,new,10474,-6.779340013,1641.14801
43 m,16,17-Jul-16,10788,new,10770,-7.301580516,1641.14801
43 m,20,17-Jul-16,11015,new,11000,-7.696196941,1641.14801
43 m,24,17-Jul-16,11122,new,11131,-7.9167732,1641.14801
43 m,28,17-Jul-16,11209,new,11220,-8.064948244,1641.14801
43 m,32,17-Jul-16,11346,new,11341,-8.264263966,1641.14801
43 m,36,17-Jul-16,11418,new,11409,-8.375214797,1641.14801
43 m,40,17-Jul-16,11482,new,11493,-8.511235327,1641.14801
43 m,42,17-Jul-16,11442,new,11432,-8.412571745,1641.14801
15 m,1,16-Aug-16,6107,new,6071,3.799123411,1659.127643
15 m,2,16-Aug-16,8001,new,8004,-1.65042878,1650.168558
15 m,3,16-Aug-16,8791,new,8769,-3.409781631,1650.168558
15 m,4,16-Aug-16,9420,new,9373,-4.679305594,1650.168558
15 m,5,16-Aug-16,9826,new,9770,-5.466456758,1641.14801
15 m,7,16-Aug-16,10273,new,10288,-6.442484567,1641.14801
15 m,10,16-Aug-16,10489,new,10473,-6.777547261,1641.14801
15 m,12,16-Aug-16,10506,new,10518,-6.858028377,1641.14801
15 m,15,16-Aug-16,10734,new,10695,-7.170818857,1641.14801
43 m,12,16-Aug-16,10483,new,10501,-6.827670655,1641.14801
43 m,16,16-Aug-16,10784,new,10766,-7.294632817,1641.14801
43 m,20,16-Aug-16,11008,new,10993,-7.68432621,1641.14801
43 m,24,16-Aug-16,11118,new,11127,-7.91008195,1641.14801
43 m,28,16-Aug-16,11207,new,11218,-8.061633208,1641.14801
43 m,32,16-Aug-16,11343,new,11338,-8.259351618,1641.14801
43 m,36,16-Aug-16,11417,new,11408,-8.373588634,1641.14801
43 m,40,16-Aug-16,11481,new,11492,-8.509622709,1641.14801
43 m,42,16-Aug-16,11491,new,11481,-8.49187334,1641.14801
15 m,1,3-Sep-16,6563,new,6527,2.352640589,1659.127643
15 m,2,3-Sep-16,7882,new,7885,-1.359525985,1650.168558
15 m,3,3-Sep-16,8625,new,8603,-3.043311546,1650.168558
15 m,4,3-Sep-16,9227,new,9180,-4.284050459,1650.168558
15 m,5,3-Sep-16,9646,new,9590,-5.113385782,1641.14801
15 m,7,3-Sep-16,10181,new,10196,-6.2732892,1641.14801
15 m,10,3-Sep-16,10475,new,10459,-6.752428194,1641.14801
15 m,12,3-Sep-16,10510,new,10522,-6.865163234,1641.14801
15 m,15,3-Sep-16,10738,new,10699,-7.177819186,1641.14801
43 m,12,3-Sep-16,10489,new,10507,-6.838391543,1641.14801
43 m,16,3-Sep-16,10784,new,10766,-7.294632817,1641.14801
43 m,20,3-Sep-16,11003,new,10988,-7.675841837,1641.14801
43 m,24,3-Sep-16,11116,new,11125,-7.906735297,1641.14801
43 m,28,3-Sep-16,11206,new,11217,-8.059975437,1641.14801
43 m,32,3-Sep-16,11341,new,11336,-8.256075896,1641.14801
43 m,36,3-Sep-16,11416,new,11407,-8.371962309,1641.14801
43 m,40,3-Sep-16,11480,new,11491,-8.50800993,1641.14801
43 m,42,3-Sep-16,11491,new,11481,-8.49187334,1641.14801
15 m,1,11-Apr-17,13895,new,13859,NA,NA
15 m,2,11-Apr-17,13432,new,13435,NA,NA
15 m,3,11-Apr-17,12517,new,12495,NA,NA
15 m,4,11-Apr-17,11353,new,11306,-8.206860843,1641.14801
15 m,5,11-Apr-17,10275,new,10219,-6.315750906,1641.14801
15 m,7,11-Apr-17,9933,new,9948,-5.808376162,1641.14801
15 m,10,11-Apr-17,10130,new,10114,-6.121009527,1641.14801
15 m,12,11-Apr-17,10365,new,10377,-6.604527615,1641.14801
15 m,15,11-Apr-17,10688,new,10649,-7.090099756,1641.14801
43 m,12,11-Apr-17,10320,new,10338,-6.533715964,1641.14801
43 m,16,11-Apr-17,10744,new,10726,-7.224993448,1641.14801
43 m,20,11-Apr-17,10972,new,10957,-7.623140253,1641.14801
43 m,24,11-Apr-17,11087,new,11096,-7.858131577,1641.14801
43 m,28,11-Apr-17,11185,new,11196,-8.025123265,1641.14801
43 m,32,11-Apr-17,11329,new,11324,-8.236407716,1641.14801
43 m,36,11-Apr-17,11412,new,11403,-8.365455383,1641.14801
43 m,40,11-Apr-17,11474,new,11485,-8.498329898,1641.14801
43 m,42,11-Apr-17,11486,new,11476,-8.483799035,1641.14801
15 m,1,15-May-17,9954,new,9918,-5.751240972,1641.14801
15 m,2,15-May-17,11460,new,11463,-8.462787058,1641.14801
15 m,3,15-May-17,11738,new,11716,-8.86690857,1641.14801
15 m,4,15-May-17,11519,new,11472,-8.477336703,1641.14801
15 m,5,15-May-17,11106,new,11050,-7.780738116,1641.14801
15 m,7,15-May-17,10254,new,10269,-6.407683888,1641.14801
15 m,10,15-May-17,10209,new,10193,-6.267742659,1641.14801
15 m,12,15-May-17,10351,new,10363,-6.57914304,1641.14801
15 m,15,15-May-17,10669,new,10630,-7.056643101,1641.14801
43 m,12,15-May-17,10313,new,10331,-6.520973916,1641.14801
43 m,16,15-May-17,10726,new,10708,-7.193559015,1641.14801
43 m,20,15-May-17,10960,new,10945,-7.602693967,1641.14801
43 m,24,15-May-17,11077,new,11086,-7.841338076,1641.14801
43 m,28,15-May-17,11177,new,11188,-8.011826634,1641.14801
43 m,32,15-May-17,11318,new,11313,-8.218357663,1641.14801
43 m,36,15-May-17,11398,new,11389,-8.342660632,1641.14801
43 m,40,15-May-17,11463,new,11474,-8.48056819,1641.14801
43 m,42,15-May-17,11474,new,11464,-8.464404329,1641.14801
15 m,1,15-Jun-17,7707,new,7671,-0.823540155,1650.168558
15 m,2,15-Jun-17,9187,new,9190,-4.304762126,1650.168558
15 m,3,15-Jun-17,10147,new,10125,-6.141518963,1641.14801
15 m,4,15-Jun-17,10683,new,10636,-7.067215726,1641.14801
15 m,5,15-Jun-17,10809,new,10753,-7.272032441,1641.14801
15 m,7,15-Jun-17,10435,new,10450,-6.736259955,1641.14801
15 m,10,15-Jun-17,10317,new,10301,-6.466253327,1641.14801
15 m,12,15-Jun-17,10366,new,10378,-6.606339303,1641.14801
15 m,15,15-Jun-17,10651,new,10612,-7.024884333,1641.14801
43 m,12,15-Jun-17,10338,new,10356,-6.566436075,1641.14801
43 m,16,15-Jun-17,10716,new,10698,-7.176069384,1641.14801
43 m,20,15-Jun-17,10953,new,10938,-7.590755156,1641.14801
43 m,24,15-Jun-17,11072,new,11081,-7.832934846,1641.14801
43 m,28,15-Jun-17,11174,new,11185,-8.006837602,1641.14801
43 m,32,15-Jun-17,11320,new,11315,-8.221640979,1641.14801
43 m,36,15-Jun-17,11390,new,11381,-8.329620711,1641.14801
43 m,40,15-Jun-17,11464,new,11475,-8.482183693,1641.14801
43 m,42,15-Jun-17,11484,new,11474,-8.48056819,1641.14801
15 m,1,15-Jul-17,6258,new,6222,3.306740926,1659.127643
15 m,2,15-Jul-17,8488,new,8491,-2.79146154,1650.168558
15 m,3,15-Jul-17,9361,new,9339,-4.61035302,1650.168558
15 m,4,15-Jul-17,9975,new,9928,-5.77030793,1641.14801
15 m,5,15-Jul-17,10301,new,10245,-6.36361996,1641.14801
15 m,7,15-Jul-17,10407,new,10422,-6.685856979,1641.14801
15 m,10,15-Jul-17,10403,new,10387,-6.62263554,1641.14801
15 m,12,15-Jul-17,10398,new,10410,-6.664208384,1641.14801
15 m,15,15-Jul-17,10655,new,10616,-7.031947145,1641.14801
43 m,12,15-Jul-17,10379,new,10397,-6.640723583,1641.14801
43 m,16,15-Jul-17,10707,new,10689,-7.160312762,1641.14801
43 m,20,15-Jul-17,10946,new,10931,-7.578807628,1641.14801
43 m,24,15-Jul-17,11043,new,11052,-7.784110683,1641.14801
43 m,28,15-Jul-17,11170,new,11181,-8.000183185,1641.14801
43 m,32,15-Jul-17,11316,new,11311,-8.215073685,1641.14801
43 m,36,15-Jul-17,11396,new,11387,-8.339401631,1641.14801
43 m,40,15-Jul-17,11465,new,11476,-8.483799035,1641.14801
43 m,42,15-Jul-17,11301,new,11291,-8.182197447,1641.14801
15 m,1,15-Aug-17,6381,new,6345,2.915664668,1659.127643
15 m,2,15-Aug-17,8095,new,8098,-1.876744693,1650.168558
15 m,3,15-Aug-17,8888,new,8866,-3.620275292,1650.168558
15 m,4,15-Aug-17,9504,new,9457,-4.848442323,1650.168558
15 m,5,15-Aug-17,9896,new,9840,-5.601761375,1641.14801
15 m,7,15-Aug-17,10276,new,10291,-6.447972706,1641.14801
15 m,10,15-Aug-17,10433,new,10417,-6.67684019,1641.14801
15 m,12,15-Aug-17,10435,new,10447,-6.730867011,1641.14801
15 m,15,15-Aug-17,10661,new,10622,-7.042535673,1641.14801
43 m,12,15-Aug-17,10415,new,10433,-6.705676554,1641.14801
43 m,16,15-Aug-17,10705,new,10687,-7.156809236,1641.14801
43 m,20,15-Aug-17,10940,new,10925,-7.568559941,1641.14801
43 m,24,15-Aug-17,11066,new,11075,-7.82284526,1641.14801
43 m,28,15-Aug-17,11168,new,11179,-7.996854959,1641.14801
43 m,32,15-Aug-17,11312,new,11307,-8.208503743,1641.14801
43 m,36,15-Aug-17,11393,new,11384,-8.334511906,1641.14801
43 m,40,15-Aug-17,11461,new,11472,-8.477336703,1641.14801
43 m,42,15-Aug-17,11474,new,11464,-8.464404329,1641.14801
15 m,1,29-Aug-17,6414,new,6378,2.812216712,1659.127643
15 m,2,29-Aug-17,7986,new,7989,-1.614033593,1650.168558
15 m,3,29-Aug-17,8731,new,8709,-3.278243896,1650.168558
15 m,4,29-Aug-17,9332,new,9285,-4.500249078,1650.168558
15 m,5,29-Aug-17,9737,new,9681,-5.292819617,1641.14801
15 m,7,29-Aug-17,10202,new,10217,-6.312062916,1641.14801
15 m,10,29-Aug-17,10433,new,10417,-6.67684019,1641.14801
15 m,12,29-Aug-17,10449,new,10461,-6.75601898,1641.14801
15 m,15,29-Aug-17,10664,new,10625,-7.047827379,1641.14801
43 m,12,29-Aug-17,10426,new,10444,-6.7254723,1641.14801
43 m,16,29-Aug-17,10705,new,10687,-7.156809236,1641.14801
43 m,20,29-Aug-17,10939,new,10924,-7.56685137,1641.14801
43 m,24,29-Aug-17,11065,new,11074,-7.821163056,1641.14801
43 m,28,29-Aug-17,11166,new,11177,-7.993526053,1641.14801
43 m,32,29-Aug-17,11310,new,11305,-8.205217778,1641.14801
43 m,36,29-Aug-17,11392,new,11383,-8.332881671,1641.14801
43 m,40,29-Aug-17,11459,new,11470,-8.474104574,1641.14801
43 m,42,29-Aug-17,11473,new,11463,-8.462787058,1641.14801