"","site_id","year","month","day","variable","value"
"37","i36",1901,1,1,"cru_324_frs",31
"104","i36",1901,2,1,"cru_324_frs",28
"171","i36",1901,3,1,"cru_324_frs",31
"238","i36",1901,4,1,"cru_324_frs",30
"305","i36",1901,5,1,"cru_324_frs",29.11
"372","i36",1901,6,1,"cru_324_frs",11.94
"439","i36",1901,7,1,"cru_324_frs",4.45
"506","i36",1901,8,1,"cru_324_frs",9.77
"573","i36",1901,9,1,"cru_324_frs",22
"640","i36",1901,10,1,"cru_324_frs",30.93
"707","i36",1901,11,1,"cru_324_frs",30
"774","i36",1901,12,1,"cru_324_frs",31
"841","i36",1902,1,1,"cru_324_frs",31
"908","i36",1902,2,1,"cru_324_frs",28
"975","i36",1902,3,1,"cru_324_frs",31
"1042","i36",1902,4,1,"cru_324_frs",30
"1109","i36",1902,5,1,"cru_324_frs",28.84
"1176","i36",1902,6,1,"cru_324_frs",12.7
"1243","i36",1902,7,1,"cru_324_frs",3.56
"1310","i36",1902,8,1,"cru_324_frs",8.55
"1377","i36",1902,9,1,"cru_324_frs",22
"1444","i36",1902,10,1,"cru_324_frs",30.76
"1511","i36",1902,11,1,"cru_324_frs",30
"1578","i36",1902,12,1,"cru_324_frs",31
"1645","i36",1903,1,1,"cru_324_frs",31
"1712","i36",1903,2,1,"cru_324_frs",28
"1779","i36",1903,3,1,"cru_324_frs",31
"1846","i36",1903,4,1,"cru_324_frs",30
"1913","i36",1903,5,1,"cru_324_frs",29.18
"1980","i36",1903,6,1,"cru_324_frs",10.93
"2047","i36",1903,7,1,"cru_324_frs",4.84
"2114","i36",1903,8,1,"cru_324_frs",8.31
"2181","i36",1903,9,1,"cru_324_frs",22.8
"2248","i36",1903,10,1,"cru_324_frs",31
"2315","i36",1903,11,1,"cru_324_frs",30
"2382","i36",1903,12,1,"cru_324_frs",31
"2449","i36",1904,1,1,"cru_324_frs",31
"2516","i36",1904,2,1,"cru_324_frs",29
"2583","i36",1904,3,1,"cru_324_frs",31
"2650","i36",1904,4,1,"cru_324_frs",30
"2717","i36",1904,5,1,"cru_324_frs",28.91
"2784","i36",1904,6,1,"cru_324_frs",13.47
"2851","i36",1904,7,1,"cru_324_frs",5.85
"2918","i36",1904,8,1,"cru_324_frs",10.27
"2985","i36",1904,9,1,"cru_324_frs",24.44
"3052","i36",1904,10,1,"cru_324_frs",30.82
"3119","i36",1904,11,1,"cru_324_frs",30
"3186","i36",1904,12,1,"cru_324_frs",31
"3253","i36",1905,1,1,"cru_324_frs",31
"3320","i36",1905,2,1,"cru_324_frs",28
"3387","i36",1905,3,1,"cru_324_frs",31
"3454","i36",1905,4,1,"cru_324_frs",30
"3521","i36",1905,5,1,"cru_324_frs",28.09
"3588","i36",1905,6,1,"cru_324_frs",10.43
"3655","i36",1905,7,1,"cru_324_frs",5.03
"3722","i36",1905,8,1,"cru_324_frs",9.03
"3789","i36",1905,9,1,"cru_324_frs",23.59
"3856","i36",1905,10,1,"cru_324_frs",30.99
"3923","i36",1905,11,1,"cru_324_frs",30
"3990","i36",1905,12,1,"cru_324_frs",31
"4057","i36",1906,1,1,"cru_324_frs",31
"4124","i36",1906,2,1,"cru_324_frs",28
"4191","i36",1906,3,1,"cru_324_frs",31
"4258","i36",1906,4,1,"cru_324_frs",30
"4325","i36",1906,5,1,"cru_324_frs",28.55
"4392","i36",1906,6,1,"cru_324_frs",10.43
"4459","i36",1906,7,1,"cru_324_frs",4.64
"4526","i36",1906,8,1,"cru_324_frs",10.02
"4593","i36",1906,9,1,"cru_324_frs",22.57
"4660","i36",1906,10,1,"cru_324_frs",30.73
"4727","i36",1906,11,1,"cru_324_frs",30
"4794","i36",1906,12,1,"cru_324_frs",31
"4861","i36",1907,1,1,"cru_324_frs",31
"4928","i36",1907,2,1,"cru_324_frs",28
"4995","i36",1907,3,1,"cru_324_frs",31
"5062","i36",1907,4,1,"cru_324_frs",30
"5129","i36",1907,5,1,"cru_324_frs",27.67
"5196","i36",1907,6,1,"cru_324_frs",12.19
"5263","i36",1907,7,1,"cru_324_frs",5.43
"5330","i36",1907,8,1,"cru_324_frs",9.77
"5397","i36",1907,9,1,"cru_324_frs",22.8
"5464","i36",1907,10,1,"cru_324_frs",30.96
"5531","i36",1907,11,1,"cru_324_frs",30
"5598","i36",1907,12,1,"cru_324_frs",31
"5665","i36",1908,1,1,"cru_324_frs",31
"5732","i36",1908,2,1,"cru_324_frs",29
"5799","i36",1908,3,1,"cru_324_frs",31
"5866","i36",1908,4,1,"cru_324_frs",30
"5933","i36",1908,5,1,"cru_324_frs",28.48
"6000","i36",1908,6,1,"cru_324_frs",11.43
"6067","i36",1908,7,1,"cru_324_frs",5.43
"6134","i36",1908,8,1,"cru_324_frs",10.27
"6201","i36",1908,9,1,"cru_324_frs",24.02
"6268","i36",1908,10,1,"cru_324_frs",31
"6335","i36",1908,11,1,"cru_324_frs",30
"6402","i36",1908,12,1,"cru_324_frs",31
"6469","i36",1909,1,1,"cru_324_frs",31
"6536","i36",1909,2,1,"cru_324_frs",28
"6603","i36",1909,3,1,"cru_324_frs",31
"6670","i36",1909,4,1,"cru_324_frs",30
"6737","i36",1909,5,1,"cru_324_frs",28.77
"6804","i36",1909,6,1,"cru_324_frs",12.44
"6871","i36",1909,7,1,"cru_324_frs",4.45
"6938","i36",1909,8,1,"cru_324_frs",10.53
"7005","i36",1909,9,1,"cru_324_frs",23.59
"7072","i36",1909,10,1,"cru_324_frs",30.99
"7139","i36",1909,11,1,"cru_324_frs",30
"7206","i36",1909,12,1,"cru_324_frs",31
"7273","i36",1910,1,1,"cru_324_frs",31
"7340","i36",1910,2,1,"cru_324_frs",28
"7407","i36",1910,3,1,"cru_324_frs",31
"7474","i36",1910,4,1,"cru_324_frs",30
"7541","i36",1910,5,1,"cru_324_frs",29.18
"7608","i36",1910,6,1,"cru_324_frs",12.19
"7675","i36",1910,7,1,"cru_324_frs",4.64
"7742","i36",1910,8,1,"cru_324_frs",12.86
"7809","i36",1910,9,1,"cru_324_frs",22.57
"7876","i36",1910,10,1,"cru_324_frs",30.99
"7943","i36",1910,11,1,"cru_324_frs",30
"8010","i36",1910,12,1,"cru_324_frs",31
"8077","i36",1911,1,1,"cru_324_frs",31
"8144","i36",1911,2,1,"cru_324_frs",28
"8211","i36",1911,3,1,"cru_324_frs",31
"8278","i36",1911,4,1,"cru_324_frs",30
"8345","i36",1911,5,1,"cru_324_frs",28.4
"8412","i36",1911,6,1,"cru_324_frs",12.19
"8479","i36",1911,7,1,"cru_324_frs",5.64
"8546","i36",1911,8,1,"cru_324_frs",12.33
"8613","i36",1911,9,1,"cru_324_frs",23.59
"8680","i36",1911,10,1,"cru_324_frs",30.76
"8747","i36",1911,11,1,"cru_324_frs",30
"8814","i36",1911,12,1,"cru_324_frs",31
"8881","i36",1912,1,1,"cru_324_frs",31
"8948","i36",1912,2,1,"cru_324_frs",29
"9015","i36",1912,3,1,"cru_324_frs",31
"9082","i36",1912,4,1,"cru_324_frs",30
"9149","i36",1912,5,1,"cru_324_frs",28.4
"9216","i36",1912,6,1,"cru_324_frs",14.76
"9283","i36",1912,7,1,"cru_324_frs",6.27
"9350","i36",1912,8,1,"cru_324_frs",11.81
"9417","i36",1912,9,1,"cru_324_frs",22.92
"9484","i36",1912,10,1,"cru_324_frs",30.8
"9551","i36",1912,11,1,"cru_324_frs",30
"9618","i36",1912,12,1,"cru_324_frs",31
"9685","i36",1913,1,1,"cru_324_frs",31
"9752","i36",1913,2,1,"cru_324_frs",28
"9819","i36",1913,3,1,"cru_324_frs",31
"9886","i36",1913,4,1,"cru_324_frs",30
"9953","i36",1913,5,1,"cru_324_frs",29.37
"10020","i36",1913,6,1,"cru_324_frs",12.7
"10087","i36",1913,7,1,"cru_324_frs",6.06
"10154","i36",1913,8,1,"cru_324_frs",11.81
"10221","i36",1913,9,1,"cru_324_frs",23.48
"10288","i36",1913,10,1,"cru_324_frs",31
"10355","i36",1913,11,1,"cru_324_frs",30
"10422","i36",1913,12,1,"cru_324_frs",31
"10489","i36",1914,1,1,"cru_324_frs",31
"10556","i36",1914,2,1,"cru_324_frs",28
"10623","i36",1914,3,1,"cru_324_frs",31
"10690","i36",1914,4,1,"cru_324_frs",30
"10757","i36",1914,5,1,"cru_324_frs",28.98
"10824","i36",1914,6,1,"cru_324_frs",12.19
"10891","i36",1914,7,1,"cru_324_frs",7.38
"10958","i36",1914,8,1,"cru_324_frs",9.28
"11025","i36",1914,9,1,"cru_324_frs",23.8
"11092","i36",1914,10,1,"cru_324_frs",30.52
"11159","i36",1914,11,1,"cru_324_frs",30
"11226","i36",1914,12,1,"cru_324_frs",31
"11293","i36",1915,1,1,"cru_324_frs",31
"11360","i36",1915,2,1,"cru_324_frs",28
"11427","i36",1915,3,1,"cru_324_frs",31
"11494","i36",1915,4,1,"cru_324_frs",30
"11561","i36",1915,5,1,"cru_324_frs",28.63
"11628","i36",1915,6,1,"cru_324_frs",10.68
"11695","i36",1915,7,1,"cru_324_frs",3.56
"11762","i36",1915,8,1,"cru_324_frs",8.79
"11829","i36",1915,9,1,"cru_324_frs",22.23
"11896","i36",1915,10,1,"cru_324_frs",31
"11963","i36",1915,11,1,"cru_324_frs",30
"12030","i36",1915,12,1,"cru_324_frs",31
"12097","i36",1916,1,1,"cru_324_frs",31
"12164","i36",1916,2,1,"cru_324_frs",29
"12231","i36",1916,3,1,"cru_324_frs",31
"12298","i36",1916,4,1,"cru_324_frs",30
"12365","i36",1916,5,1,"cru_324_frs",28.48
"12432","i36",1916,6,1,"cru_324_frs",11.18
"12499","i36",1916,7,1,"cru_324_frs",5.03
"12566","i36",1916,8,1,"cru_324_frs",10.78
"12633","i36",1916,9,1,"cru_324_frs",22.34
"12700","i36",1916,10,1,"cru_324_frs",30.76
"12767","i36",1916,11,1,"cru_324_frs",30
"12834","i36",1916,12,1,"cru_324_frs",31
"12901","i36",1917,1,1,"cru_324_frs",31
"12968","i36",1917,2,1,"cru_324_frs",28
"13035","i36",1917,3,1,"cru_324_frs",31
"13102","i36",1917,4,1,"cru_324_frs",30
"13169","i36",1917,5,1,"cru_324_frs",29.43
"13236","i36",1917,6,1,"cru_324_frs",14.76
"13303","i36",1917,7,1,"cru_324_frs",6.49
"13370","i36",1917,8,1,"cru_324_frs",9.77
"13437","i36",1917,9,1,"cru_324_frs",22.23
"13504","i36",1917,10,1,"cru_324_frs",30.99
"13571","i36",1917,11,1,"cru_324_frs",30
"13638","i36",1917,12,1,"cru_324_frs",31
"13705","i36",1918,1,1,"cru_324_frs",31
"13772","i36",1918,2,1,"cru_324_frs",28
"13839","i36",1918,3,1,"cru_324_frs",31
"13906","i36",1918,4,1,"cru_324_frs",30
"13973","i36",1918,5,1,"cru_324_frs",29.24
"14040","i36",1918,6,1,"cru_324_frs",15.02
"14107","i36",1918,7,1,"cru_324_frs",5.64
"14174","i36",1918,8,1,"cru_324_frs",11.29
"14241","i36",1918,9,1,"cru_324_frs",22.34
"14308","i36",1918,10,1,"cru_324_frs",31
"14375","i36",1918,11,1,"cru_324_frs",30
"14442","i36",1918,12,1,"cru_324_frs",31
"14509","i36",1919,1,1,"cru_324_frs",31
"14576","i36",1919,2,1,"cru_324_frs",28
"14643","i36",1919,3,1,"cru_324_frs",31
"14710","i36",1919,4,1,"cru_324_frs",30
"14777","i36",1919,5,1,"cru_324_frs",29.24
"14844","i36",1919,6,1,"cru_324_frs",15.28
"14911","i36",1919,7,1,"cru_324_frs",5.43
"14978","i36",1919,8,1,"cru_324_frs",9.52
"15045","i36",1919,9,1,"cru_324_frs",22.69
"15112","i36",1919,10,1,"cru_324_frs",31
"15179","i36",1919,11,1,"cru_324_frs",30
"15246","i36",1919,12,1,"cru_324_frs",31
"15313","i36",1920,1,1,"cru_324_frs",31
"15380","i36",1920,2,1,"cru_324_frs",29
"15447","i36",1920,3,1,"cru_324_frs",31
"15514","i36",1920,4,1,"cru_324_frs",30
"15581","i36",1920,5,1,"cru_324_frs",29.93
"15648","i36",1920,6,1,"cru_324_frs",11.94
"15715","i36",1920,7,1,"cru_324_frs",6.06
"15782","i36",1920,8,1,"cru_324_frs",10.53
"15849","i36",1920,9,1,"cru_324_frs",23.37
"15916","i36",1920,10,1,"cru_324_frs",31
"15983","i36",1920,11,1,"cru_324_frs",30
"16050","i36",1920,12,1,"cru_324_frs",31
"16117","i36",1921,1,1,"cru_324_frs",31
"16184","i36",1921,2,1,"cru_324_frs",28
"16251","i36",1921,3,1,"cru_324_frs",31
"16318","i36",1921,4,1,"cru_324_frs",30
"16385","i36",1921,5,1,"cru_324_frs",29.37
"16452","i36",1921,6,1,"cru_324_frs",9.46
"16519","i36",1921,7,1,"cru_324_frs",6.49
"16586","i36",1921,8,1,"cru_324_frs",10.78
"16653","i36",1921,9,1,"cru_324_frs",24.75
"16720","i36",1921,10,1,"cru_324_frs",30.98
"16787","i36",1921,11,1,"cru_324_frs",30
"16854","i36",1921,12,1,"cru_324_frs",31
"16921","i36",1922,1,1,"cru_324_frs",31
"16988","i36",1922,2,1,"cru_324_frs",28
"17055","i36",1922,3,1,"cru_324_frs",31
"17122","i36",1922,4,1,"cru_324_frs",30
"17189","i36",1922,5,1,"cru_324_frs",29.83
"17256","i36",1922,6,1,"cru_324_frs",16.06
"17323","i36",1922,7,1,"cru_324_frs",6.71
"17390","i36",1922,8,1,"cru_324_frs",14.72
"17457","i36",1922,9,1,"cru_324_frs",25.53
"17524","i36",1922,10,1,"cru_324_frs",30.76
"17591","i36",1922,11,1,"cru_324_frs",30
"17658","i36",1922,12,1,"cru_324_frs",31
"17725","i36",1923,1,1,"cru_324_frs",31
"17792","i36",1923,2,1,"cru_324_frs",28
"17859","i36",1923,3,1,"cru_324_frs",31
"17926","i36",1923,4,1,"cru_324_frs",30
"17993","i36",1923,5,1,"cru_324_frs",29.43
"18060","i36",1923,6,1,"cru_324_frs",10.19
"18127","i36",1923,7,1,"cru_324_frs",5.43
"18194","i36",1923,8,1,"cru_324_frs",7.15
"18261","i36",1923,9,1,"cru_324_frs",22.92
"18328","i36",1923,10,1,"cru_324_frs",30.52
"18395","i36",1923,11,1,"cru_324_frs",30
"18462","i36",1923,12,1,"cru_324_frs",31
"18529","i36",1924,1,1,"cru_324_frs",31
"18596","i36",1924,2,1,"cru_324_frs",29
"18663","i36",1924,3,1,"cru_324_frs",31
"18730","i36",1924,4,1,"cru_324_frs",30
"18797","i36",1924,5,1,"cru_324_frs",28.84
"18864","i36",1924,6,1,"cru_324_frs",14.25
"18931","i36",1924,7,1,"cru_324_frs",8.79
"18998","i36",1924,8,1,"cru_324_frs",12.6
"19065","i36",1924,9,1,"cru_324_frs",24.23
"19132","i36",1924,10,1,"cru_324_frs",31
"19199","i36",1924,11,1,"cru_324_frs",30
"19266","i36",1924,12,1,"cru_324_frs",31
"19333","i36",1925,1,1,"cru_324_frs",31
"19400","i36",1925,2,1,"cru_324_frs",28
"19467","i36",1925,3,1,"cru_324_frs",31
"19534","i36",1925,4,1,"cru_324_frs",30
"19601","i36",1925,5,1,"cru_324_frs",28.84
"19668","i36",1925,6,1,"cru_324_frs",12.96
"19735","i36",1925,7,1,"cru_324_frs",9.28
"19802","i36",1925,8,1,"cru_324_frs",12.33
"19869","i36",1925,9,1,"cru_324_frs",22.92
"19936","i36",1925,10,1,"cru_324_frs",30.62
"20003","i36",1925,11,1,"cru_324_frs",30
"20070","i36",1925,12,1,"cru_324_frs",31
"20137","i36",1926,1,1,"cru_324_frs",31
"20204","i36",1926,2,1,"cru_324_frs",28
"20271","i36",1926,3,1,"cru_324_frs",31
"20338","i36",1926,4,1,"cru_324_frs",30
"20405","i36",1926,5,1,"cru_324_frs",28.98
"20472","i36",1926,6,1,"cru_324_frs",14.76
"20539","i36",1926,7,1,"cru_324_frs",7.84
"20606","i36",1926,8,1,"cru_324_frs",12.07
"20673","i36",1926,9,1,"cru_324_frs",23.48
"20740","i36",1926,10,1,"cru_324_frs",30.95
"20807","i36",1926,11,1,"cru_324_frs",30
"20874","i36",1926,12,1,"cru_324_frs",31
"20941","i36",1927,1,1,"cru_324_frs",31
"21008","i36",1927,2,1,"cru_324_frs",28
"21075","i36",1927,3,1,"cru_324_frs",31
"21142","i36",1927,4,1,"cru_324_frs",30
"21209","i36",1927,5,1,"cru_324_frs",29.05
"21276","i36",1927,6,1,"cru_324_frs",11.94
"21343","i36",1927,7,1,"cru_324_frs",5.43
"21410","i36",1927,8,1,"cru_324_frs",9.28
"21477","i36",1927,9,1,"cru_324_frs",23.7
"21544","i36",1927,10,1,"cru_324_frs",31
"21611","i36",1927,11,1,"cru_324_frs",30
"21678","i36",1927,12,1,"cru_324_frs",31
"21745","i36",1928,1,1,"cru_324_frs",31
"21812","i36",1928,2,1,"cru_324_frs",29
"21879","i36",1928,3,1,"cru_324_frs",31
"21946","i36",1928,4,1,"cru_324_frs",30
"22013","i36",1928,5,1,"cru_324_frs",28.98
"22080","i36",1928,6,1,"cru_324_frs",11.94
"22147","i36",1928,7,1,"cru_324_frs",6.71
"22214","i36",1928,8,1,"cru_324_frs",11.04
"22281","i36",1928,9,1,"cru_324_frs",23.26
"22348","i36",1928,10,1,"cru_324_frs",31
"22415","i36",1928,11,1,"cru_324_frs",30
"22482","i36",1928,12,1,"cru_324_frs",31
"22549","i36",1929,1,1,"cru_324_frs",31
"22616","i36",1929,2,1,"cru_324_frs",28
"22683","i36",1929,3,1,"cru_324_frs",31
"22750","i36",1929,4,1,"cru_324_frs",30
"22817","i36",1929,5,1,"cru_324_frs",28.91
"22884","i36",1929,6,1,"cru_324_frs",13.99
"22951","i36",1929,7,1,"cru_324_frs",7.15
"23018","i36",1929,8,1,"cru_324_frs",10.78
"23085","i36",1929,9,1,"cru_324_frs",20.59
"23152","i36",1929,10,1,"cru_324_frs",30.12
"23219","i36",1929,11,1,"cru_324_frs",30
"23286","i36",1929,12,1,"cru_324_frs",31
"23353","i36",1930,1,1,"cru_324_frs",31
"23420","i36",1930,2,1,"cru_324_frs",28
"23487","i36",1930,3,1,"cru_324_frs",31
"23554","i36",1930,4,1,"cru_324_frs",30
"23621","i36",1930,5,1,"cru_324_frs",28.84
"23688","i36",1930,6,1,"cru_324_frs",12.7
"23755","i36",1930,7,1,"cru_324_frs",4.09
"23822","i36",1930,8,1,"cru_324_frs",8.79
"23889","i36",1930,9,1,"cru_324_frs",21.77
"23956","i36",1930,10,1,"cru_324_frs",31
"24023","i36",1930,11,1,"cru_324_frs",30
"24090","i36",1930,12,1,"cru_324_frs",31
"24157","i36",1931,1,1,"cru_324_frs",31
"24224","i36",1931,2,1,"cru_324_frs",28
"24291","i36",1931,3,1,"cru_324_frs",31
"24358","i36",1931,4,1,"cru_324_frs",30
"24425","i36",1931,5,1,"cru_324_frs",29.98
"24492","i36",1931,6,1,"cru_324_frs",13.73
"24559","i36",1931,7,1,"cru_324_frs",7.84
"24626","i36",1931,8,1,"cru_324_frs",13.65
"24693","i36",1931,9,1,"cru_324_frs",22.57
"24760","i36",1931,10,1,"cru_324_frs",30.94
"24827","i36",1931,11,1,"cru_324_frs",30
"24894","i36",1931,12,1,"cru_324_frs",31
"24961","i36",1932,1,1,"cru_324_frs",31
"25028","i36",1932,2,1,"cru_324_frs",29
"25095","i36",1932,3,1,"cru_324_frs",31
"25162","i36",1932,4,1,"cru_324_frs",30
"25229","i36",1932,5,1,"cru_324_frs",28.32
"25296","i36",1932,6,1,"cru_324_frs",14.25
"25363","i36",1932,7,1,"cru_324_frs",6.06
"25430","i36",1932,8,1,"cru_324_frs",8.31
"25497","i36",1932,9,1,"cru_324_frs",23.59
"25564","i36",1932,10,1,"cru_324_frs",30.86
"25631","i36",1932,11,1,"cru_324_frs",30
"25698","i36",1932,12,1,"cru_324_frs",31
"25765","i36",1933,1,1,"cru_324_frs",31
"25832","i36",1933,2,1,"cru_324_frs",28
"25899","i36",1933,3,1,"cru_324_frs",31
"25966","i36",1933,4,1,"cru_324_frs",30
"26033","i36",1933,5,1,"cru_324_frs",29.05
"26100","i36",1933,6,1,"cru_324_frs",17.86
"26167","i36",1933,7,1,"cru_324_frs",8.55
"26234","i36",1933,8,1,"cru_324_frs",11.04
"26301","i36",1933,9,1,"cru_324_frs",23.37
"26368","i36",1933,10,1,"cru_324_frs",31
"26435","i36",1933,11,1,"cru_324_frs",30
"26502","i36",1933,12,1,"cru_324_frs",31
"26569","i36",1934,1,1,"cru_324_frs",31
"26636","i36",1934,2,1,"cru_324_frs",28
"26703","i36",1934,3,1,"cru_324_frs",31
"26770","i36",1934,4,1,"cru_324_frs",30
"26837","i36",1934,5,1,"cru_324_frs",28.25
"26904","i36",1934,6,1,"cru_324_frs",15.28
"26971","i36",1934,7,1,"cru_324_frs",5.85
"27038","i36",1934,8,1,"cru_324_frs",8.55
"27105","i36",1934,9,1,"cru_324_frs",24.13
"27172","i36",1934,10,1,"cru_324_frs",30.78
"27239","i36",1934,11,1,"cru_324_frs",30
"27306","i36",1934,12,1,"cru_324_frs",31
"27373","i36",1935,1,1,"cru_324_frs",31
"27440","i36",1935,2,1,"cru_324_frs",28
"27507","i36",1935,3,1,"cru_324_frs",31
"27574","i36",1935,4,1,"cru_324_frs",30
"27641","i36",1935,5,1,"cru_324_frs",29.61
"27708","i36",1935,6,1,"cru_324_frs",14.76
"27775","i36",1935,7,1,"cru_324_frs",6.06
"27842","i36",1935,8,1,"cru_324_frs",14.45
"27909","i36",1935,9,1,"cru_324_frs",24.13
"27976","i36",1935,10,1,"cru_324_frs",31
"28043","i36",1935,11,1,"cru_324_frs",30
"28110","i36",1935,12,1,"cru_324_frs",31
"28177","i36",1936,1,1,"cru_324_frs",31
"28244","i36",1936,2,1,"cru_324_frs",29
"28311","i36",1936,3,1,"cru_324_frs",31
"28378","i36",1936,4,1,"cru_324_frs",30
"28445","i36",1936,5,1,"cru_324_frs",28.77
"28512","i36",1936,6,1,"cru_324_frs",10.43
"28579","i36",1936,7,1,"cru_324_frs",6.27
"28646","i36",1936,8,1,"cru_324_frs",7.61
"28713","i36",1936,9,1,"cru_324_frs",24.02
"28780","i36",1936,10,1,"cru_324_frs",30.86
"28847","i36",1936,11,1,"cru_324_frs",30
"28914","i36",1936,12,1,"cru_324_frs",31
"28981","i36",1937,1,1,"cru_324_frs",31
"29048","i36",1937,2,1,"cru_324_frs",28
"29115","i36",1937,3,1,"cru_324_frs",31
"29182","i36",1937,4,1,"cru_324_frs",30
"29249","i36",1937,5,1,"cru_324_frs",29.24
"29316","i36",1937,6,1,"cru_324_frs",11.18
"29383","i36",1937,7,1,"cru_324_frs",6.93
"29450","i36",1937,8,1,"cru_324_frs",11.55
"29517","i36",1937,9,1,"cru_324_frs",20.35
"29584","i36",1937,10,1,"cru_324_frs",30.08
"29651","i36",1937,11,1,"cru_324_frs",30
"29718","i36",1937,12,1,"cru_324_frs",31
"29785","i36",1938,1,1,"cru_324_frs",31
"29852","i36",1938,2,1,"cru_324_frs",28
"29919","i36",1938,3,1,"cru_324_frs",31
"29986","i36",1938,4,1,"cru_324_frs",30
"30053","i36",1938,5,1,"cru_324_frs",28.7
"30120","i36",1938,6,1,"cru_324_frs",15.02
"30187","i36",1938,7,1,"cru_324_frs",4.64
"30254","i36",1938,8,1,"cru_324_frs",9.52
"30321","i36",1938,9,1,"cru_324_frs",18.11
"30388","i36",1938,10,1,"cru_324_frs",29.43
"30455","i36",1938,11,1,"cru_324_frs",30
"30522","i36",1938,12,1,"cru_324_frs",31
"30589","i36",1939,1,1,"cru_324_frs",31
"30656","i36",1939,2,1,"cru_324_frs",28
"30723","i36",1939,3,1,"cru_324_frs",31
"30790","i36",1939,4,1,"cru_324_frs",30
"30857","i36",1939,5,1,"cru_324_frs",28.98
"30924","i36",1939,6,1,"cru_324_frs",12.96
"30991","i36",1939,7,1,"cru_324_frs",5.23
"31058","i36",1939,8,1,"cru_324_frs",10.53
"31125","i36",1939,9,1,"cru_324_frs",23.26
"31192","i36",1939,10,1,"cru_324_frs",31
"31259","i36",1939,11,1,"cru_324_frs",30
"31326","i36",1939,12,1,"cru_324_frs",31
"31393","i36",1940,1,1,"cru_324_frs",31
"31460","i36",1940,2,1,"cru_324_frs",29
"31527","i36",1940,3,1,"cru_324_frs",31
"31594","i36",1940,4,1,"cru_324_frs",30
"31661","i36",1940,5,1,"cru_324_frs",28.84
"31728","i36",1940,6,1,"cru_324_frs",13.73
"31795","i36",1940,7,1,"cru_324_frs",4.64
"31862","i36",1940,8,1,"cru_324_frs",10.78
"31929","i36",1940,9,1,"cru_324_frs",19.61
"31996","i36",1940,10,1,"cru_324_frs",30.55
"32063","i36",1940,11,1,"cru_324_frs",30
"32130","i36",1940,12,1,"cru_324_frs",31
"32197","i36",1941,1,1,"cru_324_frs",31
"32264","i36",1941,2,1,"cru_324_frs",28
"32331","i36",1941,3,1,"cru_324_frs",31
"32398","i36",1941,4,1,"cru_324_frs",30
"32465","i36",1941,5,1,"cru_324_frs",28.48
"32532","i36",1941,6,1,"cru_324_frs",11.43
"32599","i36",1941,7,1,"cru_324_frs",5.43
"32666","i36",1941,8,1,"cru_324_frs",9.52
"32733","i36",1941,9,1,"cru_324_frs",24.54
"32800","i36",1941,10,1,"cru_324_frs",31
"32867","i36",1941,11,1,"cru_324_frs",30
"32934","i36",1941,12,1,"cru_324_frs",31
"33001","i36",1942,1,1,"cru_324_frs",31
"33068","i36",1942,2,1,"cru_324_frs",28
"33135","i36",1942,3,1,"cru_324_frs",31
"33202","i36",1942,4,1,"cru_324_frs",30
"33269","i36",1942,5,1,"cru_324_frs",27.5
"33336","i36",1942,6,1,"cru_324_frs",10.19
"33403","i36",1942,7,1,"cru_324_frs",4.64
"33470","i36",1942,8,1,"cru_324_frs",8.31
"33537","i36",1942,9,1,"cru_324_frs",20.59
"33604","i36",1942,10,1,"cru_324_frs",30.12
"33671","i36",1942,11,1,"cru_324_frs",30
"33738","i36",1942,12,1,"cru_324_frs",31
"33805","i36",1943,1,1,"cru_324_frs",31
"33872","i36",1943,2,1,"cru_324_frs",28
"33939","i36",1943,3,1,"cru_324_frs",31
"34006","i36",1943,4,1,"cru_324_frs",30
"34073","i36",1943,5,1,"cru_324_frs",28.17
"34140","i36",1943,6,1,"cru_324_frs",11.43
"34207","i36",1943,7,1,"cru_324_frs",6.06
"34274","i36",1943,8,1,"cru_324_frs",9.52
"34341","i36",1943,9,1,"cru_324_frs",20.1
"34408","i36",1943,10,1,"cru_324_frs",30.65
"34475","i36",1943,11,1,"cru_324_frs",30
"34542","i36",1943,12,1,"cru_324_frs",31
"34609","i36",1944,1,1,"cru_324_frs",31
"34676","i36",1944,2,1,"cru_324_frs",29
"34743","i36",1944,3,1,"cru_324_frs",31
"34810","i36",1944,4,1,"cru_324_frs",30
"34877","i36",1944,5,1,"cru_324_frs",28.32
"34944","i36",1944,6,1,"cru_324_frs",11.18
"35011","i36",1944,7,1,"cru_324_frs",4.64
"35078","i36",1944,8,1,"cru_324_frs",10.27
"35145","i36",1944,9,1,"cru_324_frs",22.69
"35212","i36",1944,10,1,"cru_324_frs",30.59
"35279","i36",1944,11,1,"cru_324_frs",30
"35346","i36",1944,12,1,"cru_324_frs",31
"35413","i36",1945,1,1,"cru_324_frs",31
"35480","i36",1945,2,1,"cru_324_frs",28
"35547","i36",1945,3,1,"cru_324_frs",31
"35614","i36",1945,4,1,"cru_324_frs",30
"35681","i36",1945,5,1,"cru_324_frs",29.49
"35748","i36",1945,6,1,"cru_324_frs",14.25
"35815","i36",1945,7,1,"cru_324_frs",5.03
"35882","i36",1945,8,1,"cru_324_frs",8.08
"35949","i36",1945,9,1,"cru_324_frs",22.57
"36016","i36",1945,10,1,"cru_324_frs",30.84
"36083","i36",1945,11,1,"cru_324_frs",30
"36150","i36",1945,12,1,"cru_324_frs",31
"36217","i36",1946,1,1,"cru_324_frs",31
"36284","i36",1946,2,1,"cru_324_frs",28
"36351","i36",1946,3,1,"cru_324_frs",31
"36418","i36",1946,4,1,"cru_324_frs",30
"36485","i36",1946,5,1,"cru_324_frs",28.4
"36552","i36",1946,6,1,"cru_324_frs",6.92
"36619","i36",1946,7,1,"cru_324_frs",5.23
"36686","i36",1946,8,1,"cru_324_frs",11.29
"36753","i36",1946,9,1,"cru_324_frs",22.57
"36820","i36",1946,10,1,"cru_324_frs",30.95
"36887","i36",1946,11,1,"cru_324_frs",30
"36954","i36",1946,12,1,"cru_324_frs",31
"37021","i36",1947,1,1,"cru_324_frs",31
"37088","i36",1947,2,1,"cru_324_frs",28
"37155","i36",1947,3,1,"cru_324_frs",31
"37222","i36",1947,4,1,"cru_324_frs",30
"37289","i36",1947,5,1,"cru_324_frs",28.55
"37356","i36",1947,6,1,"cru_324_frs",16.58
"37423","i36",1947,7,1,"cru_324_frs",4.09
"37490","i36",1947,8,1,"cru_324_frs",15.79
"37557","i36",1947,9,1,"cru_324_frs",24.02
"37624","i36",1947,10,1,"cru_324_frs",30.59
"37691","i36",1947,11,1,"cru_324_frs",30
"37758","i36",1947,12,1,"cru_324_frs",31
"37825","i36",1948,1,1,"cru_324_frs",31
"37892","i36",1948,2,1,"cru_324_frs",29
"37959","i36",1948,3,1,"cru_324_frs",31
"38026","i36",1948,4,1,"cru_324_frs",30
"38093","i36",1948,5,1,"cru_324_frs",29.31
"38160","i36",1948,6,1,"cru_324_frs",14.51
"38227","i36",1948,7,1,"cru_324_frs",4.09
"38294","i36",1948,8,1,"cru_324_frs",10.53
"38361","i36",1948,9,1,"cru_324_frs",23.91
"38428","i36",1948,10,1,"cru_324_frs",31
"38495","i36",1948,11,1,"cru_324_frs",30
"38562","i36",1948,12,1,"cru_324_frs",31
"38629","i36",1949,1,1,"cru_324_frs",31
"38696","i36",1949,2,1,"cru_324_frs",28
"38763","i36",1949,3,1,"cru_324_frs",31
"38830","i36",1949,4,1,"cru_324_frs",30
"38897","i36",1949,5,1,"cru_324_frs",30.25
"38964","i36",1949,6,1,"cru_324_frs",16.58
"39031","i36",1949,7,1,"cru_324_frs",10.02
"39098","i36",1949,8,1,"cru_324_frs",6.27
"39165","i36",1949,9,1,"cru_324_frs",18.62
"39232","i36",1949,10,1,"cru_324_frs",29.77
"39299","i36",1949,11,1,"cru_324_frs",30
"39366","i36",1949,12,1,"cru_324_frs",31
"39433","i36",1950,1,1,"cru_324_frs",31
"39500","i36",1950,2,1,"cru_324_frs",28
"39567","i36",1950,3,1,"cru_324_frs",31
"39634","i36",1950,4,1,"cru_324_frs",30
"39701","i36",1950,5,1,"cru_324_frs",27.14
"39768","i36",1950,6,1,"cru_324_frs",9.22
"39835","i36",1950,7,1,"cru_324_frs",3.73
"39902","i36",1950,8,1,"cru_324_frs",9.77
"39969","i36",1950,9,1,"cru_324_frs",19.86
"40036","i36",1950,10,1,"cru_324_frs",30.95
"40103","i36",1950,11,1,"cru_324_frs",30
"40170","i36",1950,12,1,"cru_324_frs",31
"40237","i36",1951,1,1,"cru_324_frs",31
"40304","i36",1951,2,1,"cru_324_frs",28
"40371","i36",1951,3,1,"cru_324_frs",31
"40438","i36",1951,4,1,"cru_324_frs",30
"40505","i36",1951,5,1,"cru_324_frs",28.84
"40572","i36",1951,6,1,"cru_324_frs",13.99
"40639","i36",1951,7,1,"cru_324_frs",4.27
"40706","i36",1951,8,1,"cru_324_frs",3.39
"40773","i36",1951,9,1,"cru_324_frs",19.61
"40840","i36",1951,10,1,"cru_324_frs",30.93
"40907","i36",1951,11,1,"cru_324_frs",30
"40974","i36",1951,12,1,"cru_324_frs",31
"41041","i36",1952,1,1,"cru_324_frs",31
"41108","i36",1952,2,1,"cru_324_frs",29
"41175","i36",1952,3,1,"cru_324_frs",31
"41242","i36",1952,4,1,"cru_324_frs",30
"41309","i36",1952,5,1,"cru_324_frs",29.72
"41376","i36",1952,6,1,"cru_324_frs",14.25
"41443","i36",1952,7,1,"cru_324_frs",3.73
"41510","i36",1952,8,1,"cru_324_frs",9.77
"41577","i36",1952,9,1,"cru_324_frs",24.02
"41644","i36",1952,10,1,"cru_324_frs",30.45
"41711","i36",1952,11,1,"cru_324_frs",30
"41778","i36",1952,12,1,"cru_324_frs",31
"41845","i36",1953,1,1,"cru_324_frs",31
"41912","i36",1953,2,1,"cru_324_frs",28
"41979","i36",1953,3,1,"cru_324_frs",31
"42046","i36",1953,4,1,"cru_324_frs",30
"42113","i36",1953,5,1,"cru_324_frs",27.92
"42180","i36",1953,6,1,"cru_324_frs",7.59
"42247","i36",1953,7,1,"cru_324_frs",3.39
"42314","i36",1953,8,1,"cru_324_frs",8.08
"42381","i36",1953,9,1,"cru_324_frs",20.59
"42448","i36",1953,10,1,"cru_324_frs",30.73
"42515","i36",1953,11,1,"cru_324_frs",30
"42582","i36",1953,12,1,"cru_324_frs",31
"42649","i36",1954,1,1,"cru_324_frs",31
"42716","i36",1954,2,1,"cru_324_frs",28
"42783","i36",1954,3,1,"cru_324_frs",31
"42850","i36",1954,4,1,"cru_324_frs",30
"42917","i36",1954,5,1,"cru_324_frs",30.12
"42984","i36",1954,6,1,"cru_324_frs",14.25
"43051","i36",1954,7,1,"cru_324_frs",3.91
"43118","i36",1954,8,1,"cru_324_frs",2.04
"43185","i36",1954,9,1,"cru_324_frs",20.83
"43252","i36",1954,10,1,"cru_324_frs",30.34
"43319","i36",1954,11,1,"cru_324_frs",30
"43386","i36",1954,12,1,"cru_324_frs",31
"43453","i36",1955,1,1,"cru_324_frs",31
"43520","i36",1955,2,1,"cru_324_frs",28
"43587","i36",1955,3,1,"cru_324_frs",31
"43654","i36",1955,4,1,"cru_324_frs",30
"43721","i36",1955,5,1,"cru_324_frs",28.84
"43788","i36",1955,6,1,"cru_324_frs",10.43
"43855","i36",1955,7,1,"cru_324_frs",3.73
"43922","i36",1955,8,1,"cru_324_frs",13.92
"43989","i36",1955,9,1,"cru_324_frs",20.35
"44056","i36",1955,10,1,"cru_324_frs",30.59
"44123","i36",1955,11,1,"cru_324_frs",30
"44190","i36",1955,12,1,"cru_324_frs",31
"44257","i36",1956,1,1,"cru_324_frs",31
"44324","i36",1956,2,1,"cru_324_frs",29
"44391","i36",1956,3,1,"cru_324_frs",31
"44458","i36",1956,4,1,"cru_324_frs",30
"44525","i36",1956,5,1,"cru_324_frs",27.23
"44592","i36",1956,6,1,"cru_324_frs",12.7
"44659","i36",1956,7,1,"cru_324_frs",2.31
"44726","i36",1956,8,1,"cru_324_frs",11.29
"44793","i36",1956,9,1,"cru_324_frs",21.54
"44860","i36",1956,10,1,"cru_324_frs",31
"44927","i36",1956,11,1,"cru_324_frs",30
"44994","i36",1956,12,1,"cru_324_frs",31
"45061","i36",1957,1,1,"cru_324_frs",31
"45128","i36",1957,2,1,"cru_324_frs",28
"45195","i36",1957,3,1,"cru_324_frs",31
"45262","i36",1957,4,1,"cru_324_frs",30
"45329","i36",1957,5,1,"cru_324_frs",29.31
"45396","i36",1957,6,1,"cru_324_frs",19.37
"45463","i36",1957,7,1,"cru_324_frs",8.79
"45530","i36",1957,8,1,"cru_324_frs",4.84
"45597","i36",1957,9,1,"cru_324_frs",23.14
"45664","i36",1957,10,1,"cru_324_frs",30.59
"45731","i36",1957,11,1,"cru_324_frs",30
"45798","i36",1957,12,1,"cru_324_frs",31
"45865","i36",1958,1,1,"cru_324_frs",31
"45932","i36",1958,2,1,"cru_324_frs",28
"45999","i36",1958,3,1,"cru_324_frs",31
"46066","i36",1958,4,1,"cru_324_frs",30
"46133","i36",1958,5,1,"cru_324_frs",28.48
"46200","i36",1958,6,1,"cru_324_frs",6.07
"46267","i36",1958,7,1,"cru_324_frs",0.02
"46334","i36",1958,8,1,"cru_324_frs",5.03
"46401","i36",1958,9,1,"cru_324_frs",21.07
"46468","i36",1958,10,1,"cru_324_frs",30.91
"46535","i36",1958,11,1,"cru_324_frs",30
"46602","i36",1958,12,1,"cru_324_frs",31
"46669","i36",1959,1,1,"cru_324_frs",31
"46736","i36",1959,2,1,"cru_324_frs",28
"46803","i36",1959,3,1,"cru_324_frs",31
"46870","i36",1959,4,1,"cru_324_frs",30
"46937","i36",1959,5,1,"cru_324_frs",30.25
"47004","i36",1959,6,1,"cru_324_frs",17.86
"47071","i36",1959,7,1,"cru_324_frs",7.15
"47138","i36",1959,8,1,"cru_324_frs",14.99
"47205","i36",1959,9,1,"cru_324_frs",23.7
"47272","i36",1959,10,1,"cru_324_frs",31
"47339","i36",1959,11,1,"cru_324_frs",30
"47406","i36",1959,12,1,"cru_324_frs",31
"47473","i36",1960,1,1,"cru_324_frs",31
"47540","i36",1960,2,1,"cru_324_frs",29
"47607","i36",1960,3,1,"cru_324_frs",31
"47674","i36",1960,4,1,"cru_324_frs",30
"47741","i36",1960,5,1,"cru_324_frs",27.5
"47808","i36",1960,6,1,"cru_324_frs",13.99
"47875","i36",1960,7,1,"cru_324_frs",8.31
"47942","i36",1960,8,1,"cru_324_frs",10.02
"48009","i36",1960,9,1,"cru_324_frs",23.14
"48076","i36",1960,10,1,"cru_324_frs",30.94
"48143","i36",1960,11,1,"cru_324_frs",30
"48210","i36",1960,12,1,"cru_324_frs",31
"48277","i36",1961,1,1,"cru_324_frs",31
"48344","i36",1961,2,1,"cru_324_frs",28
"48411","i36",1961,3,1,"cru_324_frs",31
"48478","i36",1961,4,1,"cru_324_frs",30
"48545","i36",1961,5,1,"cru_324_frs",28.17
"48612","i36",1961,6,1,"cru_324_frs",11.68
"48679","i36",1961,7,1,"cru_324_frs",6.49
"48746","i36",1961,8,1,"cru_324_frs",8.31
"48813","i36",1961,9,1,"cru_324_frs",21.07
"48880","i36",1961,10,1,"cru_324_frs",31
"48947","i36",1961,11,1,"cru_324_frs",30
"49014","i36",1961,12,1,"cru_324_frs",31
"49081","i36",1962,1,1,"cru_324_frs",31
"49148","i36",1962,2,1,"cru_324_frs",28
"49215","i36",1962,3,1,"cru_324_frs",31
"49282","i36",1962,4,1,"cru_324_frs",30
"49349","i36",1962,5,1,"cru_324_frs",30.3
"49416","i36",1962,6,1,"cru_324_frs",12.44
"49483","i36",1962,7,1,"cru_324_frs",6.06
"49550","i36",1962,8,1,"cru_324_frs",4.64
"49617","i36",1962,9,1,"cru_324_frs",23.14
"49684","i36",1962,10,1,"cru_324_frs",30.12
"49751","i36",1962,11,1,"cru_324_frs",30
"49818","i36",1962,12,1,"cru_324_frs",31
"49885","i36",1963,1,1,"cru_324_frs",31
"49952","i36",1963,2,1,"cru_324_frs",28
"50019","i36",1963,3,1,"cru_324_frs",31
"50086","i36",1963,4,1,"cru_324_frs",30
"50153","i36",1963,5,1,"cru_324_frs",25.57
"50220","i36",1963,6,1,"cru_324_frs",12.19
"50287","i36",1963,7,1,"cru_324_frs",4.64
"50354","i36",1963,8,1,"cru_324_frs",6.71
"50421","i36",1963,9,1,"cru_324_frs",23.8
"50488","i36",1963,10,1,"cru_324_frs",30.88
"50555","i36",1963,11,1,"cru_324_frs",30
"50622","i36",1963,12,1,"cru_324_frs",31
"50689","i36",1964,1,1,"cru_324_frs",31
"50756","i36",1964,2,1,"cru_324_frs",29
"50823","i36",1964,3,1,"cru_324_frs",31
"50890","i36",1964,4,1,"cru_324_frs",30
"50957","i36",1964,5,1,"cru_324_frs",29.37
"51024","i36",1964,6,1,"cru_324_frs",15.54
"51091","i36",1964,7,1,"cru_324_frs",8.55
"51158","i36",1964,8,1,"cru_324_frs",10.27
"51225","i36",1964,9,1,"cru_324_frs",23.26
"51292","i36",1964,10,1,"cru_324_frs",30.91
"51359","i36",1964,11,1,"cru_324_frs",30
"51426","i36",1964,12,1,"cru_324_frs",31
"51493","i36",1965,1,1,"cru_324_frs",31
"51560","i36",1965,2,1,"cru_324_frs",28
"51627","i36",1965,3,1,"cru_324_frs",31
"51694","i36",1965,4,1,"cru_324_frs",30
"51761","i36",1965,5,1,"cru_324_frs",29.43
"51828","i36",1965,6,1,"cru_324_frs",15.8
"51895","i36",1965,7,1,"cru_324_frs",7.61
"51962","i36",1965,8,1,"cru_324_frs",10.78
"52029","i36",1965,9,1,"cru_324_frs",21.77
"52096","i36",1965,10,1,"cru_324_frs",31
"52163","i36",1965,11,1,"cru_324_frs",30
"52230","i36",1965,12,1,"cru_324_frs",31
"52297","i36",1966,1,1,"cru_324_frs",31
"52364","i36",1966,2,1,"cru_324_frs",28
"52431","i36",1966,3,1,"cru_324_frs",31
"52498","i36",1966,4,1,"cru_324_frs",30
"52565","i36",1966,5,1,"cru_324_frs",29.49
"52632","i36",1966,6,1,"cru_324_frs",13.21
"52699","i36",1966,7,1,"cru_324_frs",4.45
"52766","i36",1966,8,1,"cru_324_frs",9.52
"52833","i36",1966,9,1,"cru_324_frs",18.87
"52900","i36",1966,10,1,"cru_324_frs",30.49
"52967","i36",1966,11,1,"cru_324_frs",30
"53034","i36",1966,12,1,"cru_324_frs",31
"53101","i36",1967,1,1,"cru_324_frs",31
"53168","i36",1967,2,1,"cru_324_frs",28
"53235","i36",1967,3,1,"cru_324_frs",31
"53302","i36",1967,4,1,"cru_324_frs",30
"53369","i36",1967,5,1,"cru_324_frs",27.5
"53436","i36",1967,6,1,"cru_324_frs",10.68
"53503","i36",1967,7,1,"cru_324_frs",6.71
"53570","i36",1967,8,1,"cru_324_frs",14.19
"53637","i36",1967,9,1,"cru_324_frs",23.14
"53704","i36",1967,10,1,"cru_324_frs",31
"53771","i36",1967,11,1,"cru_324_frs",30
"53838","i36",1967,12,1,"cru_324_frs",31
"53905","i36",1968,1,1,"cru_324_frs",31
"53972","i36",1968,2,1,"cru_324_frs",29
"54039","i36",1968,3,1,"cru_324_frs",31
"54106","i36",1968,4,1,"cru_324_frs",30
"54173","i36",1968,5,1,"cru_324_frs",27.92
"54240","i36",1968,6,1,"cru_324_frs",12.7
"54307","i36",1968,7,1,"cru_324_frs",1.66
"54374","i36",1968,8,1,"cru_324_frs",8.55
"54441","i36",1968,9,1,"cru_324_frs",23.26
"54508","i36",1968,10,1,"cru_324_frs",30.73
"54575","i36",1968,11,1,"cru_324_frs",30
"54642","i36",1968,12,1,"cru_324_frs",31
"54709","i36",1969,1,1,"cru_324_frs",31
"54776","i36",1969,2,1,"cru_324_frs",28
"54843","i36",1969,3,1,"cru_324_frs",31
"54910","i36",1969,4,1,"cru_324_frs",30
"54977","i36",1969,5,1,"cru_324_frs",27.76
"55044","i36",1969,6,1,"cru_324_frs",14.51
"55111","i36",1969,7,1,"cru_324_frs",7.15
"55178","i36",1969,8,1,"cru_324_frs",18.45
"55245","i36",1969,9,1,"cru_324_frs",23.03
"55312","i36",1969,10,1,"cru_324_frs",29.18
"55379","i36",1969,11,1,"cru_324_frs",30
"55446","i36",1969,12,1,"cru_324_frs",31
"55513","i36",1970,1,1,"cru_324_frs",31
"55580","i36",1970,2,1,"cru_324_frs",28
"55647","i36",1970,3,1,"cru_324_frs",31
"55714","i36",1970,4,1,"cru_324_frs",30
"55781","i36",1970,5,1,"cru_324_frs",29.24
"55848","i36",1970,6,1,"cru_324_frs",13.73
"55915","i36",1970,7,1,"cru_324_frs",4.64
"55982","i36",1970,8,1,"cru_324_frs",5.43
"56049","i36",1970,9,1,"cru_324_frs",26.94
"56116","i36",1970,10,1,"cru_324_frs",31
"56183","i36",1970,11,1,"cru_324_frs",30
"56250","i36",1970,12,1,"cru_324_frs",31
"56317","i36",1971,1,1,"cru_324_frs",31
"56384","i36",1971,2,1,"cru_324_frs",28
"56451","i36",1971,3,1,"cru_324_frs",31
"56518","i36",1971,4,1,"cru_324_frs",30
"56585","i36",1971,5,1,"cru_324_frs",28.55
"56652","i36",1971,6,1,"cru_324_frs",6.28
"56719","i36",1971,7,1,"cru_324_frs",2.31
"56786","i36",1971,8,1,"cru_324_frs",13.92
"56853","i36",1971,9,1,"cru_324_frs",22.8
"56920","i36",1971,10,1,"cru_324_frs",31
"56987","i36",1971,11,1,"cru_324_frs",30
"57054","i36",1971,12,1,"cru_324_frs",31
"57121","i36",1972,1,1,"cru_324_frs",31
"57188","i36",1972,2,1,"cru_324_frs",29
"57255","i36",1972,3,1,"cru_324_frs",31
"57322","i36",1972,4,1,"cru_324_frs",30
"57389","i36",1972,5,1,"cru_324_frs",29.93
"57456","i36",1972,6,1,"cru_324_frs",11.43
"57523","i36",1972,7,1,"cru_324_frs",3.39
"57590","i36",1972,8,1,"cru_324_frs",4.84
"57657","i36",1972,9,1,"cru_324_frs",24.13
"57724","i36",1972,10,1,"cru_324_frs",30.12
"57791","i36",1972,11,1,"cru_324_frs",30
"57858","i36",1972,12,1,"cru_324_frs",31
"57925","i36",1973,1,1,"cru_324_frs",31
"57992","i36",1973,2,1,"cru_324_frs",28
"58059","i36",1973,3,1,"cru_324_frs",31
"58126","i36",1973,4,1,"cru_324_frs",30
"58193","i36",1973,5,1,"cru_324_frs",28.01
"58260","i36",1973,6,1,"cru_324_frs",12.44
"58327","i36",1973,7,1,"cru_324_frs",5.85
"58394","i36",1973,8,1,"cru_324_frs",8.31
"58461","i36",1973,9,1,"cru_324_frs",18.87
"58528","i36",1973,10,1,"cru_324_frs",30.9
"58595","i36",1973,11,1,"cru_324_frs",30
"58662","i36",1973,12,1,"cru_324_frs",31
"58729","i36",1974,1,1,"cru_324_frs",31
"58796","i36",1974,2,1,"cru_324_frs",28
"58863","i36",1974,3,1,"cru_324_frs",31
"58930","i36",1974,4,1,"cru_324_frs",30
"58997","i36",1974,5,1,"cru_324_frs",30.25
"59064","i36",1974,6,1,"cru_324_frs",19.12
"59131","i36",1974,7,1,"cru_324_frs",8.55
"59198","i36",1974,8,1,"cru_324_frs",11.81
"59265","i36",1974,9,1,"cru_324_frs",22.8
"59332","i36",1974,10,1,"cru_324_frs",31
"59399","i36",1974,11,1,"cru_324_frs",30
"59466","i36",1974,12,1,"cru_324_frs",31
"59533","i36",1975,1,1,"cru_324_frs",31
"59600","i36",1975,2,1,"cru_324_frs",28
"59667","i36",1975,3,1,"cru_324_frs",31
"59734","i36",1975,4,1,"cru_324_frs",30
"59801","i36",1975,5,1,"cru_324_frs",28.25
"59868","i36",1975,6,1,"cru_324_frs",11.43
"59935","i36",1975,7,1,"cru_324_frs",3.39
"60002","i36",1975,8,1,"cru_324_frs",11.81
"60069","i36",1975,9,1,"cru_324_frs",25.91
"60136","i36",1975,10,1,"cru_324_frs",31
"60203","i36",1975,11,1,"cru_324_frs",30
"60270","i36",1975,12,1,"cru_324_frs",31
"60337","i36",1976,1,1,"cru_324_frs",31
"60404","i36",1976,2,1,"cru_324_frs",29
"60471","i36",1976,3,1,"cru_324_frs",31
"60538","i36",1976,4,1,"cru_324_frs",30
"60605","i36",1976,5,1,"cru_324_frs",28.01
"60672","i36",1976,6,1,"cru_324_frs",14.51
"60739","i36",1976,7,1,"cru_324_frs",5.64
"60806","i36",1976,8,1,"cru_324_frs",8.08
"60873","i36",1976,9,1,"cru_324_frs",18.36
"60940","i36",1976,10,1,"cru_324_frs",30.99
"61007","i36",1976,11,1,"cru_324_frs",30
"61074","i36",1976,12,1,"cru_324_frs",31
"61141","i36",1977,1,1,"cru_324_frs",31
"61208","i36",1977,2,1,"cru_324_frs",28
"61275","i36",1977,3,1,"cru_324_frs",31
"61342","i36",1977,4,1,"cru_324_frs",30
"61409","i36",1977,5,1,"cru_324_frs",27.67
"61476","i36",1977,6,1,"cru_324_frs",11.68
"61543","i36",1977,7,1,"cru_324_frs",6.27
"61610","i36",1977,8,1,"cru_324_frs",4.09
"61677","i36",1977,9,1,"cru_324_frs",18.36
"61744","i36",1977,10,1,"cru_324_frs",29.61
"61811","i36",1977,11,1,"cru_324_frs",30
"61878","i36",1977,12,1,"cru_324_frs",31
"61945","i36",1978,1,1,"cru_324_frs",31
"62012","i36",1978,2,1,"cru_324_frs",28
"62079","i36",1978,3,1,"cru_324_frs",31
"62146","i36",1978,4,1,"cru_324_frs",30
"62213","i36",1978,5,1,"cru_324_frs",30.41
"62280","i36",1978,6,1,"cru_324_frs",15.02
"62347","i36",1978,7,1,"cru_324_frs",2.6
"62414","i36",1978,8,1,"cru_324_frs",10.53
"62481","i36",1978,9,1,"cru_324_frs",14.76
"62548","i36",1978,10,1,"cru_324_frs",31
"62615","i36",1978,11,1,"cru_324_frs",30
"62682","i36",1978,12,1,"cru_324_frs",31
"62749","i36",1979,1,1,"cru_324_frs",31
"62816","i36",1979,2,1,"cru_324_frs",28
"62883","i36",1979,3,1,"cru_324_frs",31
"62950","i36",1979,4,1,"cru_324_frs",30
"63017","i36",1979,5,1,"cru_324_frs",25.68
"63084","i36",1979,6,1,"cru_324_frs",11.94
"63151","i36",1979,7,1,"cru_324_frs",2.04
"63218","i36",1979,8,1,"cru_324_frs",3.22
"63285","i36",1979,9,1,"cru_324_frs",16.83
"63352","i36",1979,10,1,"cru_324_frs",29.24
"63419","i36",1979,11,1,"cru_324_frs",30
"63486","i36",1979,12,1,"cru_324_frs",31
"63553","i36",1980,1,1,"cru_324_frs",31
"63620","i36",1980,2,1,"cru_324_frs",29
"63687","i36",1980,3,1,"cru_324_frs",31
"63754","i36",1980,4,1,"cru_324_frs",30
"63821","i36",1980,5,1,"cru_324_frs",29.31
"63888","i36",1980,6,1,"cru_324_frs",8.74
"63955","i36",1980,7,1,"cru_324_frs",5.64
"64022","i36",1980,8,1,"cru_324_frs",9.52
"64089","i36",1980,9,1,"cru_324_frs",26.09
"64156","i36",1980,10,1,"cru_324_frs",30.25
"64223","i36",1980,11,1,"cru_324_frs",30
"64290","i36",1980,12,1,"cru_324_frs",31
"64357","i36",1981,1,1,"cru_324_frs",31
"64424","i36",1981,2,1,"cru_324_frs",28
"64491","i36",1981,3,1,"cru_324_frs",31
"64558","i36",1981,4,1,"cru_324_frs",30
"64625","i36",1981,5,1,"cru_324_frs",24.82
"64692","i36",1981,6,1,"cru_324_frs",11.18
"64759","i36",1981,7,1,"cru_324_frs",4.84
"64826","i36",1981,8,1,"cru_324_frs",13.39
"64893","i36",1981,9,1,"cru_324_frs",23.14
"64960","i36",1981,10,1,"cru_324_frs",30.49
"65027","i36",1981,11,1,"cru_324_frs",30
"65094","i36",1981,12,1,"cru_324_frs",31
"65161","i36",1982,1,1,"cru_324_frs",31
"65228","i36",1982,2,1,"cru_324_frs",28
"65295","i36",1982,3,1,"cru_324_frs",31
"65362","i36",1982,4,1,"cru_324_frs",30
"65429","i36",1982,5,1,"cru_324_frs",29.55
"65496","i36",1982,6,1,"cru_324_frs",10.93
"65563","i36",1982,7,1,"cru_324_frs",1.21
"65630","i36",1982,8,1,"cru_324_frs",11.04
"65697","i36",1982,9,1,"cru_324_frs",19.12
"65764","i36",1982,10,1,"cru_324_frs",31
"65831","i36",1982,11,1,"cru_324_frs",30
"65898","i36",1982,12,1,"cru_324_frs",31
"65965","i36",1983,1,1,"cru_324_frs",31
"66032","i36",1983,2,1,"cru_324_frs",28
"66099","i36",1983,3,1,"cru_324_frs",31
"66166","i36",1983,4,1,"cru_324_frs",30
"66233","i36",1983,5,1,"cru_324_frs",30.88
"66300","i36",1983,6,1,"cru_324_frs",10.93
"66367","i36",1983,7,1,"cru_324_frs",4.64
"66434","i36",1983,8,1,"cru_324_frs",6.93
"66501","i36",1983,9,1,"cru_324_frs",25.72
"66568","i36",1983,10,1,"cru_324_frs",31
"66635","i36",1983,11,1,"cru_324_frs",30
"66702","i36",1983,12,1,"cru_324_frs",31
"66769","i36",1984,1,1,"cru_324_frs",31
"66836","i36",1984,2,1,"cru_324_frs",29
"66903","i36",1984,3,1,"cru_324_frs",31
"66970","i36",1984,4,1,"cru_324_frs",30
"67037","i36",1984,5,1,"cru_324_frs",28.32
"67104","i36",1984,6,1,"cru_324_frs",8.98
"67171","i36",1984,7,1,"cru_324_frs",6.06
"67238","i36",1984,8,1,"cru_324_frs",10.02
"67305","i36",1984,9,1,"cru_324_frs",21.07
"67372","i36",1984,10,1,"cru_324_frs",30.84
"67439","i36",1984,11,1,"cru_324_frs",30
"67506","i36",1984,12,1,"cru_324_frs",31
"67573","i36",1985,1,1,"cru_324_frs",31
"67640","i36",1985,2,1,"cru_324_frs",28
"67707","i36",1985,3,1,"cru_324_frs",31
"67774","i36",1985,4,1,"cru_324_frs",30
"67841","i36",1985,5,1,"cru_324_frs",27.5
"67908","i36",1985,6,1,"cru_324_frs",12.44
"67975","i36",1985,7,1,"cru_324_frs",10.02
"68042","i36",1985,8,1,"cru_324_frs",11.04
"68109","i36",1985,9,1,"cru_324_frs",22.8
"68176","i36",1985,10,1,"cru_324_frs",31
"68243","i36",1985,11,1,"cru_324_frs",30
"68310","i36",1985,12,1,"cru_324_frs",31
"68377","i36",1986,1,1,"cru_324_frs",31
"68444","i36",1986,2,1,"cru_324_frs",28
"68511","i36",1986,3,1,"cru_324_frs",31
"68578","i36",1986,4,1,"cru_324_frs",30
"68645","i36",1986,5,1,"cru_324_frs",29.77
"68712","i36",1986,6,1,"cru_324_frs",13.21
"68779","i36",1986,7,1,"cru_324_frs",5.43
"68846","i36",1986,8,1,"cru_324_frs",10.02
"68913","i36",1986,9,1,"cru_324_frs",19.12
"68980","i36",1986,10,1,"cru_324_frs",30.99
"69047","i36",1986,11,1,"cru_324_frs",30
"69114","i36",1986,12,1,"cru_324_frs",31
"69181","i36",1987,1,1,"cru_324_frs",31
"69248","i36",1987,2,1,"cru_324_frs",28
"69315","i36",1987,3,1,"cru_324_frs",31
"69382","i36",1987,4,1,"cru_324_frs",30
"69449","i36",1987,5,1,"cru_324_frs",29.72
"69516","i36",1987,6,1,"cru_324_frs",10.19
"69583","i36",1987,7,1,"cru_324_frs",1.54
"69650","i36",1987,8,1,"cru_324_frs",5.03
"69717","i36",1987,9,1,"cru_324_frs",20.59
"69784","i36",1987,10,1,"cru_324_frs",29.66
"69851","i36",1987,11,1,"cru_324_frs",30
"69918","i36",1987,12,1,"cru_324_frs",31
"69985","i36",1988,1,1,"cru_324_frs",31
"70052","i36",1988,2,1,"cru_324_frs",29
"70119","i36",1988,3,1,"cru_324_frs",31
"70186","i36",1988,4,1,"cru_324_frs",30
"70253","i36",1988,5,1,"cru_324_frs",28.32
"70320","i36",1988,6,1,"cru_324_frs",11.18
"70387","i36",1988,7,1,"cru_324_frs",2.04
"70454","i36",1988,8,1,"cru_324_frs",11.29
"70521","i36",1988,9,1,"cru_324_frs",22.57
"70588","i36",1988,10,1,"cru_324_frs",31
"70655","i36",1988,11,1,"cru_324_frs",30
"70722","i36",1988,12,1,"cru_324_frs",31
"70789","i36",1989,1,1,"cru_324_frs",31
"70856","i36",1989,2,1,"cru_324_frs",28
"70923","i36",1989,3,1,"cru_324_frs",31
"70990","i36",1989,4,1,"cru_324_frs",30
"71057","i36",1989,5,1,"cru_324_frs",28.91
"71124","i36",1989,6,1,"cru_324_frs",10.93
"71191","i36",1989,7,1,"cru_324_frs",1.21
"71258","i36",1989,8,1,"cru_324_frs",2.75
"71325","i36",1989,9,1,"cru_324_frs",18.36
"71392","i36",1989,10,1,"cru_324_frs",30.95
"71459","i36",1989,11,1,"cru_324_frs",30
"71526","i36",1989,12,1,"cru_324_frs",31
"71593","i36",1990,1,1,"cru_324_frs",31
"71660","i36",1990,2,1,"cru_324_frs",28
"71727","i36",1990,3,1,"cru_324_frs",31
"71794","i36",1990,4,1,"cru_324_frs",30
"71861","i36",1990,5,1,"cru_324_frs",26.77
"71928","i36",1990,6,1,"cru_324_frs",8.27
"71995","i36",1990,7,1,"cru_324_frs",0.52
"72062","i36",1990,8,1,"cru_324_frs",8.08
"72129","i36",1990,9,1,"cru_324_frs",22.23
"72196","i36",1990,10,1,"cru_324_frs",30.76
"72263","i36",1990,11,1,"cru_324_frs",30
"72330","i36",1990,12,1,"cru_324_frs",31
"72397","i36",1991,1,1,"cru_324_frs",31
"72464","i36",1991,2,1,"cru_324_frs",28
"72531","i36",1991,3,1,"cru_324_frs",31
"72598","i36",1991,4,1,"cru_324_frs",30
"72665","i36",1991,5,1,"cru_324_frs",23.8
"72732","i36",1991,6,1,"cru_324_frs",11.68
"72799","i36",1991,7,1,"cru_324_frs",8.79
"72866","i36",1991,8,1,"cru_324_frs",15.26
"72933","i36",1991,9,1,"cru_324_frs",19.37
"73000","i36",1991,10,1,"cru_324_frs",30.78
"73067","i36",1991,11,1,"cru_324_frs",30
"73134","i36",1991,12,1,"cru_324_frs",31
"73201","i36",1992,1,1,"cru_324_frs",31
"73268","i36",1992,2,1,"cru_324_frs",29
"73335","i36",1992,3,1,"cru_324_frs",31
"73402","i36",1992,4,1,"cru_324_frs",30
"73469","i36",1992,5,1,"cru_324_frs",29.49
"73536","i36",1992,6,1,"cru_324_frs",12.19
"73603","i36",1992,7,1,"cru_324_frs",3.06
"73670","i36",1992,8,1,"cru_324_frs",6.71
"73737","i36",1992,9,1,"cru_324_frs",25.82
"73804","i36",1992,10,1,"cru_324_frs",31
"73871","i36",1992,11,1,"cru_324_frs",30
"73938","i36",1992,12,1,"cru_324_frs",31
"74005","i36",1993,1,1,"cru_324_frs",31
"74072","i36",1993,2,1,"cru_324_frs",28
"74139","i36",1993,3,1,"cru_324_frs",31
"74206","i36",1993,4,1,"cru_324_frs",30
"74273","i36",1993,5,1,"cru_324_frs",27.23
"74340","i36",1993,6,1,"cru_324_frs",10.43
"74407","i36",1993,7,1,"cru_324_frs",1.78
"74474","i36",1993,8,1,"cru_324_frs",9.28
"74541","i36",1993,9,1,"cru_324_frs",22.23
"74608","i36",1993,10,1,"cru_324_frs",30.03
"74675","i36",1993,11,1,"cru_324_frs",30
"74742","i36",1993,12,1,"cru_324_frs",31
"74809","i36",1994,1,1,"cru_324_frs",31
"74876","i36",1994,2,1,"cru_324_frs",28
"74943","i36",1994,3,1,"cru_324_frs",31
"75010","i36",1994,4,1,"cru_324_frs",30
"75077","i36",1994,5,1,"cru_324_frs",26.48
"75144","i36",1994,6,1,"cru_324_frs",13.21
"75211","i36",1994,7,1,"cru_324_frs",1.21
"75278","i36",1994,8,1,"cru_324_frs",3.73
"75345","i36",1994,9,1,"cru_324_frs",24.02
"75412","i36",1994,10,1,"cru_324_frs",30.08
"75479","i36",1994,11,1,"cru_324_frs",30
"75546","i36",1994,12,1,"cru_324_frs",31
"75613","i36",1995,1,1,"cru_324_frs",31
"75680","i36",1995,2,1,"cru_324_frs",28
"75747","i36",1995,3,1,"cru_324_frs",31
"75814","i36",1995,4,1,"cru_324_frs",30
"75881","i36",1995,5,1,"cru_324_frs",25.78
"75948","i36",1995,6,1,"cru_324_frs",9.22
"76015","i36",1995,7,1,"cru_324_frs",3.39
"76082","i36",1995,8,1,"cru_324_frs",8.55
"76149","i36",1995,9,1,"cru_324_frs",22.46
"76216","i36",1995,10,1,"cru_324_frs",30.93
"76283","i36",1995,11,1,"cru_324_frs",30
"76350","i36",1995,12,1,"cru_324_frs",31
"76417","i36",1996,1,1,"cru_324_frs",31
"76484","i36",1996,2,1,"cru_324_frs",29
"76551","i36",1996,3,1,"cru_324_frs",31
"76618","i36",1996,4,1,"cru_324_frs",30
"76685","i36",1996,5,1,"cru_324_frs",28.98
"76752","i36",1996,6,1,"cru_324_frs",9.22
"76819","i36",1996,7,1,"cru_324_frs",3.22
"76886","i36",1996,8,1,"cru_324_frs",12.86
"76953","i36",1996,9,1,"cru_324_frs",24.44
"77020","i36",1996,10,1,"cru_324_frs",31
"77087","i36",1996,11,1,"cru_324_frs",30
"77154","i36",1996,12,1,"cru_324_frs",31
"77221","i36",1997,1,1,"cru_324_frs",31
"77288","i36",1997,2,1,"cru_324_frs",28
"77355","i36",1997,3,1,"cru_324_frs",31
"77422","i36",1997,4,1,"cru_324_frs",30
"77489","i36",1997,5,1,"cru_324_frs",27.92
"77556","i36",1997,6,1,"cru_324_frs",9.94
"77623","i36",1997,7,1,"cru_324_frs",3.22
"77690","i36",1997,8,1,"cru_324_frs",3.73
"77757","i36",1997,9,1,"cru_324_frs",15.28
"77824","i36",1997,10,1,"cru_324_frs",30.94
"77891","i36",1997,11,1,"cru_324_frs",30
"77958","i36",1997,12,1,"cru_324_frs",31
"78025","i36",1998,1,1,"cru_324_frs",31
"78092","i36",1998,2,1,"cru_324_frs",28
"78159","i36",1998,3,1,"cru_324_frs",31
"78226","i36",1998,4,1,"cru_324_frs",29.96
"78293","i36",1998,5,1,"cru_324_frs",24.15
"78360","i36",1998,6,1,"cru_324_frs",6.28
"78427","i36",1998,7,1,"cru_324_frs",0.19
"78494","i36",1998,8,1,"cru_324_frs",0.92
"78561","i36",1998,9,1,"cru_324_frs",13.73
"78628","i36",1998,10,1,"cru_324_frs",29.43
"78695","i36",1998,11,1,"cru_324_frs",30
"78762","i36",1998,12,1,"cru_324_frs",31
"78829","i36",1999,1,1,"cru_324_frs",31
"78896","i36",1999,2,1,"cru_324_frs",28
"78963","i36",1999,3,1,"cru_324_frs",31
"79030","i36",1999,4,1,"cru_324_frs",30
"79097","i36",1999,5,1,"cru_324_frs",27.5
"79164","i36",1999,6,1,"cru_324_frs",11.94
"79231","i36",1999,7,1,"cru_324_frs",8.08
"79298","i36",1999,8,1,"cru_324_frs",1.66
"79365","i36",1999,9,1,"cru_324_frs",20.59
"79432","i36",1999,10,1,"cru_324_frs",30.91
"79499","i36",1999,11,1,"cru_324_frs",30
"79566","i36",1999,12,1,"cru_324_frs",31
"79633","i36",2000,1,1,"cru_324_frs",31
"79700","i36",2000,2,1,"cru_324_frs",29
"79767","i36",2000,3,1,"cru_324_frs",31
"79834","i36",2000,4,1,"cru_324_frs",30
"79901","i36",2000,5,1,"cru_324_frs",30.21
"79968","i36",2000,6,1,"cru_324_frs",8.51
"80035","i36",2000,7,1,"cru_324_frs",2.04
"80102","i36",2000,8,1,"cru_324_frs",8.08
"80169","i36",2000,9,1,"cru_324_frs",18.36
"80236","i36",2000,10,1,"cru_324_frs",30.55
"80303","i36",2000,11,1,"cru_324_frs",30
"80370","i36",2000,12,1,"cru_324_frs",31
"80437","i36",2001,1,1,"cru_324_frs",31
"80504","i36",2001,2,1,"cru_324_frs",28
"80571","i36",2001,3,1,"cru_324_frs",31
"80638","i36",2001,4,1,"cru_324_frs",30
"80705","i36",2001,5,1,"cru_324_frs",30.08
"80772","i36",2001,6,1,"cru_324_frs",12.19
"80839","i36",2001,7,1,"cru_324_frs",4.45
"80906","i36",2001,8,1,"cru_324_frs",7.15
"80973","i36",2001,9,1,"cru_324_frs",19.37
"81040","i36",2001,10,1,"cru_324_frs",30.82
"81107","i36",2001,11,1,"cru_324_frs",30
"81174","i36",2001,12,1,"cru_324_frs",31
"81241","i36",2002,1,1,"cru_324_frs",31
"81308","i36",2002,2,1,"cru_324_frs",28
"81375","i36",2002,3,1,"cru_324_frs",31
"81442","i36",2002,4,1,"cru_324_frs",30
"81509","i36",2002,5,1,"cru_324_frs",28.25
"81576","i36",2002,6,1,"cru_324_frs",14.51
"81643","i36",2002,7,1,"cru_324_frs",6.27
"81710","i36",2002,8,1,"cru_324_frs",12.86
"81777","i36",2002,9,1,"cru_324_frs",18.62
"81844","i36",2002,10,1,"cru_324_frs",30.38
"81911","i36",2002,11,1,"cru_324_frs",30
"81978","i36",2002,12,1,"cru_324_frs",31
"82045","i36",2003,1,1,"cru_324_frs",31
"82112","i36",2003,2,1,"cru_324_frs",28
"82179","i36",2003,3,1,"cru_324_frs",31
"82246","i36",2003,4,1,"cru_324_frs",30
"82313","i36",2003,5,1,"cru_324_frs",28.77
"82380","i36",2003,6,1,"cru_324_frs",13.21
"82447","i36",2003,7,1,"cru_324_frs",4.64
"82514","i36",2003,8,1,"cru_324_frs",9.28
"82581","i36",2003,9,1,"cru_324_frs",21.07
"82648","i36",2003,10,1,"cru_324_frs",27.92
"82715","i36",2003,11,1,"cru_324_frs",30
"82782","i36",2003,12,1,"cru_324_frs",31
"82849","i36",2004,1,1,"cru_324_frs",31
"82916","i36",2004,2,1,"cru_324_frs",29
"82983","i36",2004,3,1,"cru_324_frs",31
"83050","i36",2004,4,1,"cru_324_frs",30
"83117","i36",2004,5,1,"cru_324_frs",28.48
"83184","i36",2004,6,1,"cru_324_frs",8.98
"83251","i36",2004,7,1,"cru_324_frs",2.6
"83318","i36",2004,8,1,"cru_324_frs",5.64
"83385","i36",2004,9,1,"cru_324_frs",20.83
"83452","i36",2004,10,1,"cru_324_frs",30.52
"83519","i36",2004,11,1,"cru_324_frs",30
"83586","i36",2004,12,1,"cru_324_frs",31
"83653","i36",2005,1,1,"cru_324_frs",31
"83720","i36",2005,2,1,"cru_324_frs",28
"83787","i36",2005,3,1,"cru_324_frs",31
"83854","i36",2005,4,1,"cru_324_frs",30
"83921","i36",2005,5,1,"cru_324_frs",25.99
"83988","i36",2005,6,1,"cru_324_frs",13.47
"84055","i36",2005,7,1,"cru_324_frs",4.09
"84122","i36",2005,8,1,"cru_324_frs",5.43
"84189","i36",2005,9,1,"cru_324_frs",16.83
"84256","i36",2005,10,1,"cru_324_frs",29.93
"84323","i36",2005,11,1,"cru_324_frs",30
"84390","i36",2005,12,1,"cru_324_frs",31
"84457","i36",2006,1,1,"cru_324_frs",31
"84524","i36",2006,2,1,"cru_324_frs",28
"84591","i36",2006,3,1,"cru_324_frs",31
"84658","i36",2006,4,1,"cru_324_frs",30
"84725","i36",2006,5,1,"cru_324_frs",27.41
"84792","i36",2006,6,1,"cru_324_frs",9.22
"84859","i36",2006,7,1,"cru_324_frs",3.56
"84926","i36",2006,8,1,"cru_324_frs",5.23
"84993","i36",2006,9,1,"cru_324_frs",17.86
"85060","i36",2006,10,1,"cru_324_frs",30.38
"85127","i36",2006,11,1,"cru_324_frs",30
"85194","i36",2006,12,1,"cru_324_frs",31
"85261","i36",2007,1,1,"cru_324_frs",31
"85328","i36",2007,2,1,"cru_324_frs",28
"85395","i36",2007,3,1,"cru_324_frs",31
"85462","i36",2007,4,1,"cru_324_frs",30
"85529","i36",2007,5,1,"cru_324_frs",27.59
"85596","i36",2007,6,1,"cru_324_frs",8.27
"85663","i36",2007,7,1,"cru_324_frs",1.66
"85730","i36",2007,8,1,"cru_324_frs",5.64
"85797","i36",2007,9,1,"cru_324_frs",19.37
"85864","i36",2007,10,1,"cru_324_frs",30.8
"85931","i36",2007,11,1,"cru_324_frs",30
"85998","i36",2007,12,1,"cru_324_frs",31
"86065","i36",2008,1,1,"cru_324_frs",31
"86132","i36",2008,2,1,"cru_324_frs",29
"86199","i36",2008,3,1,"cru_324_frs",31
"86266","i36",2008,4,1,"cru_324_frs",30
"86333","i36",2008,5,1,"cru_324_frs",27.05
"86400","i36",2008,6,1,"cru_324_frs",10.19
"86467","i36",2008,7,1,"cru_324_frs",2.9
"86534","i36",2008,8,1,"cru_324_frs",8.79
"86601","i36",2008,9,1,"cru_324_frs",19.61
"86668","i36",2008,10,1,"cru_324_frs",30.9
"86735","i36",2008,11,1,"cru_324_frs",30
"86802","i36",2008,12,1,"cru_324_frs",31
"86869","i36",2009,1,1,"cru_324_frs",31
"86936","i36",2009,2,1,"cru_324_frs",28
"87003","i36",2009,3,1,"cru_324_frs",31
"87070","i36",2009,4,1,"cru_324_frs",30
"87137","i36",2009,5,1,"cru_324_frs",28.25
"87204","i36",2009,6,1,"cru_324_frs",11.43
"87271","i36",2009,7,1,"cru_324_frs",4.27
"87338","i36",2009,8,1,"cru_324_frs",5.23
"87405","i36",2009,9,1,"cru_324_frs",18.87
"87472","i36",2009,10,1,"cru_324_frs",30.45
"87539","i36",2009,11,1,"cru_324_frs",30
"87606","i36",2009,12,1,"cru_324_frs",31
"87673","i36",2010,1,1,"cru_324_frs",31
"87740","i36",2010,2,1,"cru_324_frs",28
"87807","i36",2010,3,1,"cru_324_frs",31
"87874","i36",2010,4,1,"cru_324_frs",30
"87941","i36",2010,5,1,"cru_324_frs",27.92
"88008","i36",2010,6,1,"cru_324_frs",8.51
"88075","i36",2010,7,1,"cru_324_frs",2.75
"88142","i36",2010,8,1,"cru_324_frs",5.64
"88209","i36",2010,9,1,"cru_324_frs",22.57
"88276","i36",2010,10,1,"cru_324_frs",30.68
"88343","i36",2010,11,1,"cru_324_frs",30
"88410","i36",2010,12,1,"cru_324_frs",31
"88477","i36",2011,1,1,"cru_324_frs",31
"88544","i36",2011,2,1,"cru_324_frs",28
"88611","i36",2011,3,1,"cru_324_frs",31
"88678","i36",2011,4,1,"cru_324_frs",30
"88745","i36",2011,5,1,"cru_324_frs",27.41
"88812","i36",2011,6,1,"cru_324_frs",10.19
"88879","i36",2011,7,1,"cru_324_frs",2.04
"88946","i36",2011,8,1,"cru_324_frs",6.93
"89013","i36",2011,9,1,"cru_324_frs",17.86
"89080","i36",2011,10,1,"cru_324_frs",29.55
"89147","i36",2011,11,1,"cru_324_frs",30
"89214","i36",2011,12,1,"cru_324_frs",31
"89281","i36",2012,1,1,"cru_324_frs",31
"89348","i36",2012,2,1,"cru_324_frs",29
"89415","i36",2012,3,1,"cru_324_frs",31
"89482","i36",2012,4,1,"cru_324_frs",30
"89549","i36",2012,5,1,"cru_324_frs",27.76
"89616","i36",2012,6,1,"cru_324_frs",7.59
"89683","i36",2012,7,1,"cru_324_frs",1.78
"89750","i36",2012,8,1,"cru_324_frs",5.03
"89817","i36",2012,9,1,"cru_324_frs",16.06
"89884","i36",2012,10,1,"cru_324_frs",31
"89951","i36",2012,11,1,"cru_324_frs",30
"90018","i36",2012,12,1,"cru_324_frs",31
"90085","i36",2013,1,1,"cru_324_frs",31
"90152","i36",2013,2,1,"cru_324_frs",28
"90219","i36",2013,3,1,"cru_324_frs",31
"90286","i36",2013,4,1,"cru_324_frs",30
"90353","i36",2013,5,1,"cru_324_frs",29.49
"90420","i36",2013,6,1,"cru_324_frs",7.36
"90487","i36",2013,7,1,"cru_324_frs",2.31
"90554","i36",2013,8,1,"cru_324_frs",4.64
"90621","i36",2013,9,1,"cru_324_frs",19.37
"90688","i36",2013,10,1,"cru_324_frs",30.03
"90755","i36",2013,11,1,"cru_324_frs",30
"90822","i36",2013,12,1,"cru_324_frs",31
"90889","i36",2014,1,1,"cru_324_frs",31
"90956","i36",2014,2,1,"cru_324_frs",28
"91023","i36",2014,3,1,"cru_324_frs",31
"91090","i36",2014,4,1,"cru_324_frs",30
"91157","i36",2014,5,1,"cru_324_frs",27.5
"91224","i36",2014,6,1,"cru_324_frs",11.68
"91291","i36",2014,7,1,"cru_324_frs",2.9
"91358","i36",2014,8,1,"cru_324_frs",5.64
"91425","i36",2014,9,1,"cru_324_frs",21.07
"91492","i36",2014,10,1,"cru_324_frs",30.49
"91559","i36",2014,11,1,"cru_324_frs",30
"91626","i36",2014,12,1,"cru_324_frs",31
"91693","i36",2015,1,1,"cru_324_frs",31
"91760","i36",2015,2,1,"cru_324_frs",28
"91827","i36",2015,3,1,"cru_324_frs",31
"91894","i36",2015,4,1,"cru_324_frs",30
"91961","i36",2015,5,1,"cru_324_frs",28.01
"92028","i36",2015,6,1,"cru_324_frs",11.18
"92095","i36",2015,7,1,"cru_324_frs",3.56
"92162","i36",2015,8,1,"cru_324_frs",7.84
"92229","i36",2015,9,1,"cru_324_frs",20.59
"92296","i36",2015,10,1,"cru_324_frs",29.24
"92363","i36",2015,11,1,"cru_324_frs",30
"92430","i36",2015,12,1,"cru_324_frs",31
